,business_id,name,state,address,review_count,chicken_total_reviews,chicken_average_rating
0,HaBkx5PwvbBpQ2iNCgHnVQ,Paul's Neighborhood Bar,WI,"2401 Parmenter St, Middleton, WI 53562",11,1,4.0
1,JdCFcgw4yk4M1ZRhAhBIag,Applebee's,WI,"4710 E Towne Blvd, Madison, WI 53704",13,2,1.0
2,HTplzElel_F_U_qhWuDKdg,Dexter's Pub,WI,"301 North St, Eken Park, Madison, WI 53704",53,2,4.5
3,O5lo-GKCG3cX8X4bh_DR_A,HomeTown Buffet,WI,"1745 Parkside Dr, Mayfair Park, Madison, WI 53704",16,3,3.0
4,JJFoeKZXgi2_LeECDMkkoQ,Tip Top Tavern,WI,"601 N St, Emerson East, Madison, WI 53704",21,1,5.0
5,JD1uVun5FEF_Ih2PnHCbuA,Dairyland Family Restaurant,WI,"716 Cottage Grove Rd, Eastmorland, Madison, WI 53716",11,1,3.0
6,2ZnCITVa0abGce4gZ6RhIw,Viad Tower Restaurants,AZ,"1850 N Central Ave, Phoenix, AZ 85004",5,1,5.0
7,j8nyAaN_w5t6wYv-ni23sg,Coach & Willies,AZ,"412 S 3rd St, Phoenix, AZ 85004",79,14,3.21
8,muCl5p-9ut1sY0aKeUeRhw,Cheuvront,AZ,"1326 N Central Ave, Phoenix, AZ 85004",189,21,3.86
9,jn3OgTqiQIFymRA9U0PTfQ,Arizona Baseball Club Restaurant,AZ,"401 E Jefferson St, Phoenix, AZ 85004",6,1,4.0
10,5-X03Zc0nN7U5eoe8uFUdw,Coronado Cafe,AZ,"2201 N 7th St, Phoenix, AZ 85006",175,26,4.35
11,I4L_MJOZsnux3xCU2bLP8Q,Cranberry Hills Eatery & Catering,AZ,"3003 N Central Ave, Phoenix, AZ 85012",10,4,4.0
12,Pfb6VOIiroqDWOebfgWGPQ,Phoenix City Grille,AZ,"5816 N 16th St, Phoenix, AZ 85016",197,35,3.97
13,rJ7HH85lo0wTNr5BiYGQ4Q,Adobe Restaurant-Arizona Biltmore Golf Club,AZ,"2400 E Missouri Ave, Phoenix, AZ 85016",15,2,2.0
14,ut-kla-EA23nJOij_dcL0Q,California Pizza Kitchen,AZ,"2400 E. Camelback Rd, Ste. 112, Phoenix, AZ 85016",56,16,3.62
15,2r8jGeuYvMkyP2ik_X-Bxw,The Cheesecake Factory,AZ,"2402 East Camelback, Space #101, Phoenix, AZ 85016",144,36,3.36
16,Ta-fY1c_E8qHBBDQGyxPkg,Bistro 24,AZ,"The Ritz-Carlton, Phoenix, 2401 East Camelback Road, Phoenix, AZ 85016",29,3,4.67
17,imvNxppzxkLUPH64pQsDQg,Wright's,AZ,"2400 E Missouri Ave, Phoenix, AZ 85016",44,3,5.0
18,3m7khDnqH9QOg8gu3Ymumw,Oscar Taylor's,AZ,"2375 E Camelback Road, Phoenix, AZ 85016",6,2,2.5
19,yPfvOB63thP5t3pGZPJExA,The Wrigley Mansion Club,AZ,"2501 E Telewa Trl, Phoenix, AZ 85016",112,7,3.57
20,Vu8od1U-h5qqwj3Jf_Hnzg,Souper Salad,AZ,"2045 E Camelback Rd, Phoenix, AZ 85016",15,2,3.0
21,zMa6YoEekpABg1HZnnTZdg,Hillstone,AZ,"2650 E Camelback Rd, Phoenix, AZ 85016",319,29,3.93
22,fVgrpVyp-nPLTac9YIjTug,T Cook's Restaurant,AZ,"Royal Palms Resort and Spa, 5200 E Camelback Rd, Phoenix, AZ 85018",191,13,4.23
23,kvxrjOmicwb2njvXOJsZRw,Ammaccapane's Restaurant & Sports Bar,AZ,"13470 N 7th St, Phoenix, AZ 85022",17,4,3.75
24,UpYva_zhJ6pRGfdTruIYIg,California Pizza Kitchen,AZ,"21001 N. Tatum Blvd, Ste 40-1370, Phoenix, AZ 85050",56,16,3.81
25,QzXFdjIbFRGhzL83goPPLA,Elephant Bar Restaurant,AZ,"7000 E. Mayo Blvd., Suite 27, Phoenix, AZ 85054",96,22,3.41
26,9ocGgALmbzTZWOS7f7SYcA,Old Country Buffet,AZ,"1855 S Stapley Dr, Mesa, AZ 85204",22,9,2.67
27,cyeBcWOtZUypZOO-guTdDw,Wing's Express,AZ,"1449 E Main St, Mesa, AZ 85204",7,1,5.0
28,eIhmvoU0EoK7CdrBuXQfEw,Rockin'r Ranch,AZ,"6136 E Baseline Rd, Mesa, AZ 85206",14,4,2.75
29,6uz6H-RNxbsVsvC4CRCo_A,Annabelle's Dining & Lounge,AZ,"425 S Power Rd, Mesa, AZ 85206",7,1,5.0
30,SS073W0tN3nvG36Qy6n0qg,Old Country Buffet,AZ,"6625 E Southern Ave, Mesa, AZ 85206",15,2,3.0
31,g8ewG8o0ubTUTAUDj7UZLQ,Pub'n Grub,AZ,"2815 S Alma School Rd, Ste 101, Mesa, AZ 85210",11,3,4.67
32,Jge6Oit_JdTkkJ6UzhWVNA,Red Sage Restaurant,AZ,"8330 E Sunrise Sky Dr, Gold Canyon, AZ 85218",18,1,5.0
33,JNEeWjajyZPrwMb1cYi_pg,Creative Cafe,AZ,"1420 N Trekell Rd, Casa Grande, AZ 85222",41,8,4.75
34,1Duul3qCnLrNak1Np-iHfw,Pita Jungle,AZ,"1949 W Ray Rd, Chandler, AZ 85224",228,81,3.96
35,PEezgevlEHjujMN1qTQH1g,Bahama Breeze,AZ,"7200 W Ray Rd, Chandler, AZ 85226",3,1,5.0
36,78IaYCf9ktUep4UhhjXbTg,The Cheesecake Factory,AZ,"3111 W Chandler Blvd, Suite 2100, Chandler, AZ 85226",137,38,3.45
37,-vHWAsiX0iHWJw-pkqv32Q,Kona Grill,AZ,"3111 W Chandler Blvd, Chandler Fashion Center, Chandler, AZ 85226",134,19,3.16
38,Nu0_tUBN6R9Oc-YsLVFNJg,California Pizza Kitchen,AZ,"3163 W Chandler Blvd, Ste 4, Chandler, AZ 85226",46,14,3.36
39,IMGW6y8wHQCfr_6k-YXg_A,BJ's Restaurant & Brewhouse,AZ,"3155 W.Chandler Blvd., Chandler, AZ 85226",174,26,3.88
40,xuEsUDFIWIEnBXvj1EBXlw,Crabby Don's Bar & Grill,AZ,"3861 E Baseline Rd, Ste K139, Gilbert, AZ 85234",28,1,4.0
41,L9UYbtAUOcfTgZFimehlXw,Liberty Market,AZ,"230 N Gilbert Rd, Gilbert, AZ 85234",603,56,4.2
42,i84W7aDZK18D4fLxXEkJlA,Forum Cafe,AZ,"6263 N Scottsdale Rd, Scottsdale, AZ 85250",4,1,5.0
43,68_EJEA9Ibo55EDp3d-nOg,Randy's Restaurant & Ice Cream,AZ,"7904 E Chaparral Rd, Scottsdale, AZ 85250",95,7,3.43
44,kYQxOeJRFYats6cxVFnILw,FOX Sports Grill,AZ,"16203 N Scottsdale Rd, Scottsdale, AZ 85254",30,3,3.0
45,ewZlgc22xN5NNQ1H7U6Y7g,The Cheesecake Factory,AZ,"15230 N Scottsdale Rd, Scottsdale, AZ 85254",121,30,3.3
46,-fsCfTYEnJ4s6yStgBnQig,Farrelli's Cinema Supper Club,AZ,"14202 N Scottsdale Rd, Scottsdale, AZ 85254",46,5,4.2
47,d840tbYJSVn8Fu-n5XRJTw,Handlebar-J,AZ,"7116 E Becker Ln, Scottsdale, AZ 85254",51,3,2.67
48,pQAIM21Yw4eNdbha2Rxkcg,The Melting Pot,AZ,"8260 N Hayden Rd, Scottsdale, AZ 85258",118,17,3.76
49,E5dqlvxPw9Q4XFqOMw_lqw,Dragonfly Cafe,AZ,"10135 E Via Linda, Scottsdale, AZ 85258",70,12,4.0
50,iqVDfE7XknJ6kDIoepT_xQ,Village Inn Restaurants,AZ,"10652 N 89th Pl., Scottsdale, AZ 85260",8,1,3.0
51,QVR7dsvBeg8xFt9B-vd1BA,K'O Donnell's Sports Bar & Grill,AZ,"14850 N Northsight Blvd, Scottsdale, AZ 85260",136,26,4.15
52,LzNJLEIo4gh-X_rmDkNkNg,Four Peaks Grill & Tap,AZ,"15745 N Hayden Rd, Ste D5-7, Scottsdale, AZ 85260",306,47,3.96
53,n4mfUCDXHsg0GH50HzJpug,Rock Bottom Restaurant & Brewery,AZ,"8668 E Shea Blvd, Scottsdale, AZ 85260",24,4,3.75
54,nzJxNn-tKG7kw_zf7xaYbg,Top of the Rock,AZ,"2000 W Westcourt Way, Tempe, AZ 85282",91,10,3.1
55,nVsABtNAvGoiMoSOEfjTzQ,John Henry's,AZ,"909 E Elliot Rd, Tempe, AZ 85284",11,1,2.0
56,Btmq4WdwevpVWTPjhzf1YQ,Teakwood Tavern and Grill - Gilbert,AZ,"151 E Williams Field Rd, Ste 112, Gilbert, AZ 85296",73,8,3.0
57,QyDYXJRz3b4f80qsMgpPFQ,Old Country Buffet,AZ,"17125 N 79th Ave, Glendale, AZ 85308",27,6,4.5
58,Tlp5G-slaW4XKRxhgjaCpA,TGI Friday's,AZ,"1559 N Litchfield Rd, Goodyear, AZ 85338",14,2,4.0
59,ifbMLSdB-VWs0wEN6UzBcQ,Wendy's Old Fashioned Hamburgers,AZ,"1178 N Litchfield Rd, Goodyear, AZ 85338",10,2,3.0
60,ADJIoHN3uLx-JalYl3r3Dw,The Cheesecake Factory,AZ,"16134 North 83rd Avenue, Peoria, AZ 85382",94,24,3.75
61,1eJ0pC6UrQVkDSflgrs0Fw,Elephant Bar Restaurant,AZ,"16160 No 83rd Ave, Peoria, AZ 85382",57,21,3.05
62,ltAPE16jLxC-BAnHhcI9CQ,Country Kitchen,AZ,"495 E Wickenburg Way, Wickenburg, AZ 85390",9,1,3.0
63,o-DRmVihuTjS3x9OXSj0tw,Shugrues Hillside Grill,AZ,"671 Hwy 179, Sedona, AZ 86326",88,1,5.0
64,oksXk_PEtYrWJJBGNhl5zw,Wok In Express,NV,"35 S Gibson Rd, Henderson, NV 89012",10,1,4.0
65,2XQzbeFSKuhOiJujH01o-g,Town Center Lounge II,NV,"2992 W Cheyenne Ave, North Las Vegas, NV 89032",6,3,3.0
66,DfNoB509sMpMbu-qvsgvrA,Chili's Grill & Bar,NV,"10080 S Eastern Ave, Anthem, Henderson, NV 89052",38,7,2.57
67,VCy6IWtJ-SR6hY9xrmfF_Q,Black Mountain Grill,NV,"11021 S Eastern Ave, Anthem, Henderson, NV 89052",74,15,3.8
68,IALHPP1RDtpXV9KnUM0EQQ,PT's,NV,"4604 W Sahara Ave, Suite #10, Westside, Las Vegas, NV 89102",13,1,4.0
69,a_qTdBz81-tgsd3UGmaT5Q,Skinny Dugan's Pub,NV,"4127 W Charleston Blvd, Westside, Las Vegas, NV 89102",15,1,3.0
70,Xo7K1LugLnT4pGc5TtwHRA,TGI Friday's,NV,"4570 W Sahara Ave, Westside, Las Vegas, NV 89102",46,11,3.0
71,a9Z5KKEDaC4Y4MHiRZhzzA,PT's,NV,"5355 S Decatur Blvd, Las Vegas, NV 89118",12,2,4.0
72,56Ulj9IFRp5Pz8ufJSHXBg,PT's,NV,"8584 W Lake Mead Blvd, Summerlin, Las Vegas, NV 89128",5,1,3.0
73,P1BK2ke-N4XLsBSNWpSeLQ,Baba's Tsi-bugan Restaurant,NV,"4588 N Rancho Dr, Ste 7, Northwest, Las Vegas, NV 89130",21,5,4.6
74,KJnVuzpveyDrHARVNZaYVg,Hooters Casino Hotel,NV,"115 E Tropicana Ave, Southeast, Las Vegas, NV 89109",690,61,2.44
75,nV79jhp3QzgSwV49bRTxiA,PT's,NV,"6055 E Lake Mead Blvd, Sunrise, Las Vegas, NV 89156",5,1,3.0
76,y93QKoRHJmaBL-x_OkNuyg,Draft House Bar & Restaurant,WI,"1010 Enterprise Dr, Verona, WI 53593",22,3,2.67
77,oGE8GPmBvHXQskP-m2cdLw,L'Etoile,WI,"1 S Pinckney St, Capitol, Madison, WI 53703",140,2,4.0
78,upKjWj5qf-wcZOgf-4XKIQ,Kennedy Manor Dining Room & Bar,WI,"1 Langdon St, Ste 103, Capitol, Madison, WI 53703",9,2,5.0
79,_z9UrC5hCTBK1JIgQD0YDw,Noodles & Company,WI,"232 State St, Capitol, Madison, WI 53703",34,4,4.0
80,v5mjUyUZeWfLTdxXfZYKMg,Bon Appetit Cafe,WI,"805 Williamson St, Williamson - Marquette, Madison, WI 53703",17,1,5.0
81,omWFwLRqI3VTcM46L8-qaA,Noodles & Company,WI,"3600 University Ave, Madison, WI 53705",6,1,4.0
82,ZusZ0l8gBpLvvYcTkuvRgw,Applebee's Neighborhood Grill & Bar,WI,"660 S Whitney Way, Madison, WI 53711",11,2,2.0
83,5w-qVzxUOGEajm9eH3gEkA,Parkway Family Restaurant,WI,"1221 Ann St, Burr Oaks, Madison, WI 53713",8,1,4.0
84,xG7wiKZC0Yu_ZpZtnLC91Q,Chili's Grill & Bar,WI,"7301 Mineral Point Rd, Madison, WI 53717",16,1,1.0
85,ZZkubP-TCzbGuEOEzZno-A,Quivey's Grove,WI,"6261 Nesbitt Rd, Fitchburg, WI 53719",74,7,3.57
86,PdRzCJWP7nPdYoHPdd5SOQ,Portland's Restaurant & Wine Bar,AZ,"105 W Portland St, Phoenix, AZ 85003",92,6,3.33
87,NWtC07BxIqQp76kugbvynA,5 & Diner Deer Valley,AZ,"20216 N 27th Ave, Phoenix, AZ 85027",13,1,5.0
88,os_r5fCkmjeP980CLv20MQ,The Place,AZ,"10240 N 27th Ave, Phoenix, AZ 85051",12,1,3.0
89,w3auuIZmKCdk2UvQbonyMQ,Midwestern Meats,AZ,"4308 E Main St, Mesa, AZ 85205",60,4,4.25
90,0BScRHEa2lVBCY4spkhmvQ,Grille At Las Sendas Golf Club,AZ,"7555 E Eagle Crest Dr, Mesa, AZ 85207",11,1,3.0
91,xkiVHfXb0QsuXp8HRzWWGw,First Round Draft,AZ,"1520 W Warner Rd, Ste 112, Gilbert, AZ 85233",27,3,1.33
92,faSdsW2s_SaVN0KTy-R2MQ,L'academie,AZ,"4301 N Scottsdale Rd, Scottsdale, AZ 85251",8,1,4.0
93,24V8QQWO6VaVggHdxjQQ_A,Arcadia Farms Cafe,AZ,"7014 E 1st Ave, Scottsdale, AZ 85251",263,67,3.99
94,ssmiBFaHbH_k97GsuQCOIw,Furio,AZ,"7210 E 2nd St, Scottsdale, AZ 85251",39,3,3.0
95,FV0BkoGOd3Yu_eJnXY15ZA,Cowboy Ciao,AZ,"7133 E Stetson Dr, Ste 1, Scottsdale, AZ 85251",492,22,4.14
96,sYZt3f1YFlg0ycDMyO-vJw,The Blue Moose,AZ,"7373 E Scottsdale Mall, Scottsdale, AZ 85251",48,5,3.8
97,o4DsvwwD2kIbF-EM4r9G8A,Drift Lounge,AZ,"4341 N 75th St, Scottsdale, AZ 85251",58,1,5.0
98,aDBT5MB0L2JCUo3kqgFRJw,Karsen's Grill,AZ,"7246 E 1st St, Ste 101, Scottsdale, AZ 85251",64,4,4.0
99,z6vO1HR8L2iW4avr610XKw,The Grapevine,AZ,"4013 N Brown Ave, Scottsdale, AZ 85251",120,11,3.09
100,7QSYBp2-AOdyUJXEaLnbgA,Bandera,AZ,"3821 N Scottsdale Rd, Scottsdale, AZ 85251",302,123,4.18
101,AZAd_Zhv4UiJZ1x2FRPqIA,Pinon Grill,AZ,"7401 N Scottsdale Rd, Scottsdale, AZ 85253",15,2,2.0
102,BCsYkzqxGY_xmi5q_ayFDw,Rancho Pinot Grill,AZ,"6208 N Scottsdale Rd, Paradise Valley, AZ 85253",52,9,4.56
103,4qOPELunTvPQsmmnLDr4Jw,California Pizza Kitchen,AZ,"10100 Scottsdale Rd., Scottsdale, AZ 85253",32,12,3.17
104,2OY8xs4aqOt8eTnYokdrww,Elements,AZ,"5700 E McDonald Dr, Paradise Valley, AZ 85253",255,15,4.13
105,7lp13T_FUmX1XjU2wen_qw,Razz's Restaurant & Catering,AZ,"10315 N Scottsdale Rd, Scottsdale, AZ 85253",84,4,4.0
106,2JZv-P1lDKOPKvefQlYDEQ,Village Tavern,AZ,"The Shops At Gainey Village, 8787 N Scottsdale Rd, Scottsdale, AZ 85258",119,14,3.14
107,NkTBJP2YOwUAUNzRqR2gJg,Bistro Provence,AZ,"8900 E Pinnacle Peak Rd, Ste B1, Scottsdale, AZ 85255",18,2,3.5
108,dyd81TK9jY-WLt6UbMFWng,Atlas Bistro,AZ,"2515 N Scottsdale Rd, Ste 18, Scottsdale, AZ 85257",76,1,4.0
109,JokKtdXU7zXHcr20Lrk29A,Four Peaks Brewing Co,AZ,"1340 E 8th St, Ste 104, Tempe, AZ 85281",1110,154,4.53
110,jJ2aoxyQjUKYCwWOKO4uPw,Grilled Expedition On Mill Cafe,AZ,"740 S Mill Ave, Tempe, AZ 85281",5,2,3.5
111,TzImzfIWkZTnetKl2a4-SQ,Gordon Biersch Brewery Restaurant,AZ,"420 S Mill Ave, Ste 201, Tempe, AZ 85281",192,17,3.29
112,eGevCRobYnA_HSj60sEWvQ,Pita Jungle,AZ,"1250 E. Apache Blvd., Tempe, AZ 85281",323,111,4.25
113,EKzMHI1tip8rC1-ZAy64yg,House of Tricks,AZ,"114 E 7th St, Tempe, AZ 85281",419,49,4.08
114,iNT6pcUugoXsDlZgRTyhtw,Caffe Boa,AZ,"398 S Mill Ave, Tempe, AZ 85281",356,31,3.48
115,TehSM5JrMRikSnjnnfulbw,Tonto Bar & Grill,AZ,"5736 E Rancho Manana Blvd, Cave Creek, AZ 85331",90,7,4.0
116,rhN7xg5XzvRKvdAXE9lBtA,Q Bar and Grill,AZ,"6750 W Olive Ave, Ste 102, Peoria, AZ 85345",18,1,5.0
117,cyxnQ6EocFbAENe7nRwx4Q,Mercer's Restaurant,AZ,"9720 W Peoria Ave, Peoria, AZ 85345",18,2,4.0
118,dSKxZU3Puy77MUTMXwDlgQ,Tivoli Gardens,AZ,"12535 W Bell Rd, Surprise, AZ 85374",20,2,3.5
119,Cd6B3ErSmNwTjDlju_lU3g,Carefree Station,AZ,"Spanish Village, 7212 Ho Hum Rd, Carefree, AZ 85377",82,7,3.43
120,xh0bfPUpBejd81_CfDVKaQ,Medici Cafe and Terrace,NV,"Ravella Hotel, 1610 Lake Las Vegas Pkwy, Henderson, NV 89011",12,1,3.0
121,XOVw8WHTzCWjfyudwgAN9A,Como's Restaurant,NV,"10 Via Brianza, Henderson, NV 89011",3,2,3.0
122,CE85IKRDS4GimIaoIp3N5A,Rainbow Club & Casino,NV,"122 S Water St, Henderson, NV 89015",80,13,3.85
123,qiblsXkj0dEWtoaXx9tE9Q,Northstar Bar & Grill,NV,"5150 Camino Al Norte, North Las Vegas, NV 89031",10,1,4.0
124,smoGuW2a2Nume83mB3JJSw,Applebee's Neighborhood Grill & Bar,NV,"820 E Warm Springs Rd, Southeast, Las Vegas, NV 89119",28,5,3.0
125,Q5pTGQKEhxgit1fwgrHEbg,Binion's Hotel & Casino,NV,"128 Fremont St, Downtown, Las Vegas, NV 89101",117,3,4.67
126,kE7hkm4gn8dHvGFwqy6foQ,Second Street Grill,NV,"200 Fremont St, Downtown, Las Vegas, NV 89101",34,2,3.0
127,VRYTY0V7WZcP-yzv7bkllg,PT's,NV,"4825 W Flamingo Ave, Suite #3, Las Vegas, NV 89103",7,1,3.0
128,OvE1oiSg9gaB9cLGzBPlnw,Four Kegs Sports Bar,NV,"276 N Jones Blvd, Ste B, Las Vegas, NV 89107",243,23,3.52
129,QvRK2dyv4EDxuJ-LuodE2Q,Gordon Biersch Brewery Restaurant,NV,"3987 Paradise Rd, Eastside, Las Vegas, NV 89169",189,25,3.88
130,QJlab4DqvBRJPUfg7Vn5ZQ,Spago,NV,"The Forum Shops at Caesars, 3500 Las Vegas Blvd S, Ste G1, The Strip, Las Vegas, NV 89109",658,81,4.17
131,xBSQ3xs6qSIEr07WM4ho5A,Simon Kitchen and Bar,NV,"Hard Rock Hotel and Casino, 4455 Paradise Rd, The Strip, Las Vegas, NV 89109",14,1,4.0
132,76t_NE9GQthoryLZgDyxGg,Caribe Café,NV,"The Mirage, 3400 Las Vegas Blvd S, The Strip, Las Vegas, NV 89109",22,2,2.0
133,88CNSyeoKhGn1x0SHvz8Ig,Postrio,NV,"The Grand Canal Shoppes at The Venetian, 3377 Las Vegas Blvd S, Ste 2410, The Strip, Las Vegas, NV 89109",352,28,3.68
134,MWkIQNT5ewKwMfKbixgb6Q,California Pizza Kitchen,NV,"3200 Las Vegas Blvd, Sp#1590, The Strip, Las Vegas, NV 89109",76,25,3.88
135,N8NiWbLzee9EOeMnz2MOlw,Claim Jumper,NV,"1100 S Fort Apache Rd, Westside, Las Vegas, NV 89117",118,38,3.24
136,_UsqOvmgoNzb_0xWpzwZBg,Chicago Brewing Company,NV,"2201 S Fort Apache Rd, Westside, Las Vegas, NV 89117",212,43,3.7
137,6P3SsceAMT39CBlo0upqHQ,Mad Matty's Bar & Grille,NV,"8100 W Sahara Ave, Westside, Las Vegas, NV 89117",20,1,5.0
138,wH8J9TI8ReocYZ3N2W04bw,Marie Callenders Restaurant & Bakery,NV,"8175 W Sahara Ave, Westside, Las Vegas, NV 89117",42,6,2.83
139,5FE1Y9cZ-YOQA943nTi7cA,Rosemary's Restaurant,NV,"8125 W Sahara Ave, Ste 110, Westside, Las Vegas, NV 89117",323,6,3.33
140,OaiGAZoW7TQyHfKJAgu5ZQ,PT's,NV,"1661 E Sunset Rd, Southeast, Las Vegas, NV 89119",21,1,4.0
141,w4gafqTSIkBjqPufGEEh6Q,Blue Ox Central,NV,"6000 S Eastern Ave, Southeast, Las Vegas, NV 89119",25,14,4.21
142,xUnM3aQI3BIw_zNU8cBgEA,Cili Fine Dining,NV,"5160 Las Vegas Blvd S, Southeast, Las Vegas, NV 89119",26,9,4.11
143,yUUnMqu_qr9O4EuDCleKeg,Gilligan's Hide Away,NV,"2601 Atlantic St, Eastside, Las Vegas, NV 89121",11,1,2.0
144,PayaNmMeZFOFeS_jo7eB8g,Casa Di Amore,NV,"2850 E Tropicana Ave, Eastside, Las Vegas, NV 89121",283,46,3.61
145,Tc--MNuXGt6ggLzTX4LnOw,Mulligan's Border Bar & Grill,NV,"1235 E Pebble Rd, Southeast, Las Vegas, NV 89123",14,1,5.0
146,qj2T7GkIVcKCPDFuEqQUrw,DOC Holliday's Saloons,NV,"9310 S Eastern Ave, Las Vegas, NV 89123",7,1,4.0
147,5oaHZw1g-Rbiianma5zU5g,PT's,NV,"582 E Silverado Ranch Blvd, Southeast, Las Vegas, NV 89123",22,2,4.0
148,0QtGVVXoDnKJxPA0v2yckA,Ceres,NV,"JW Marriott Las Vegas Resort & Spa, 221 N Rampart Blvd, Westside, Las Vegas, NV 89145",19,1,3.0
149,co0vxQ8ecXiBy2sGDeHi8A,Jamms Restaurant,NV,"1029 S Rainbow Blvd, Westside, Las Vegas, NV 89145",298,18,3.61
150,Nv3oky9GGH5KPiXjXIOSKw,PT's,NV,"739 S Rainbow Blvd, Westside, Las Vegas, NV 89145",9,1,5.0
151,QgeyXkZKSOIS_85pDIVuQQ,Sedona Lounge,NV,"9580 W Flamingo Rd, Spring Valley, Las Vegas, NV 89147",177,22,3.5
152,vGm5HVOg8M-I7lzAFLzrcg,PT's,NV,"3935 S Durango Dr, Spring Valley, Las Vegas, NV 89147",17,1,1.0
153,NERLJXacJ3b6peiZ8ceeqA,Hubbard Avenue Diner,WI,"7445 Hubbard Ave, Middleton, WI 53562",107,17,3.94
154,aRkYtXfmEKYG-eTDf_qUsw,Lux,AZ,"4402 N Central Ave, Phoenix, AZ 85012",747,2,3.5
155,6YWp7frmHKuPLYSlPyUdsw,Barcelona Restaurants,AZ,"15440 E Greenway Hayden Lp, Scottsdale, AZ 85260",58,1,3.0
156,E28ht8IEiO6FZbKktSo0Xw,Tommy Bahama Restaurant & Bar - Scottsdale,AZ,"15205 North Kierland Boulevard, 100, Scottsdale, AZ 85254",161,17,4.47
157,rP76z9iDOFczywAiee-l7A,Red Square Restaurant & Vodka Lounge,NV,"3950 Las Vegas Blvd S, The Strip, Las Vegas, NV 89119",405,33,3.82
158,H6CJflwclNpttYrtsBMsVg,Emeril's New Orleans Fish House,NV,"MGM Grand Hotel and Casino, 3799 Las Vegas Blvd S, Eastside, Las Vegas, NV 89109",542,28,3.5
159,xyTJYlbE_MLouK6rCou6zg,Burger Bar,NV,"Mandalay Bay Resort & Casino, 3930 S Las Vegas Boulevard, The Strip, Las Vegas, NV 89119",1876,64,3.7
160,Z3qmQ6N4VEudR45exSHrTg,Mickey's Tavern,WI,"1524 Williamson St, Williamson - Marquette, Madison, WI 53703",103,1,5.0
161,PrgdIc0zK9nc8jo8I18x8A,Argus,WI,"123 E Main St, Capitol, Madison, WI 53703",29,3,4.0
162,3x_CqRwRgiHczkqPGAwacA,Orpheum Lobby Restaurant,WI,"216 State St, Capitol, Madison, WI 53703",21,2,4.5
163,EbhnT9RcTyyGNBp1s2NQZQ,Harvest,WI,"21 N Pinckney St, Capitol, Madison, WI 53703",114,8,3.75
164,N8Q2s-Snz2vL79zB3rEEug,Weary Traveler ,WI,"1201 Williamson St, Williamson - Marquette, Madison, WI 53703",270,10,3.7
165,qsBet6HtxE0x41cUYl8vgQ,The Kollege Klub,WI,"529 N Lake St, Capitol, Madison, WI 53703",19,1,3.0
166,5IWu0xhlZEopvIz3w7o_3w,Palm Restaurant,NV,"Caesar's Palace, 3500 Las Vegas Blvd S, The Strip, Las Vegas, NV 89109",370,17,3.88
167,HbUQ_3dlm3uCacmhTEMnuA,Tom Colicchio's Craftsteak,NV,"MGM Grand Hotel and Casino, 3799 Las Vegas Blvd S, Eastside, Las Vegas, NV 89109",1413,37,4.03
168,WhBxWYRj6rycigYqdXY9cA,Great Dane Pub & Brewing Co,WI,"123 E Doty St, Capitol, Madison, WI 53703",406,50,3.98
169,lYtEUImN4UeqRiDblcbmkw,Eno Vino Wine Bar & Bistro,WI,"601 Junction Rd, Junction Ridge, Madison, WI 53717",146,15,4.27
170,aSZzH68--YxNQYAO5nKBkA,Foundation Room,NV,"Mandalay Bay Hotel and Casino, 3950 S Las Vegas Blvd, The Strip, Las Vegas, NV 89109",267,6,4.5
171,jOuERtVf7QePnK9ZcdH5XA,Grand Lux Cafe,NV,"The Venetian Hotel & Casino, 3355 Las Vegas Blvd S, The Strip, Las Vegas, NV 89109",1497,383,3.99
172,M2SjLXsuAy5RNKwxaA5E1g,House of Blues,NV,"Mandalay Bay Hotel, 3950 Las Vegas Blvd S, The Strip, Las Vegas, NV 89119",462,51,3.1
173,nQK95GJD_KB-bc_g14bD9g,Mermaid Cafe,WI,"1929 Winnebago St, Schenk - Atwood, Madison, WI 53704",31,1,2.0
174,dsMvINhoQbIQgSRTBv2B6g,Caffe Boa Ahwatukee,AZ,"5063 E Elliot Rd, Phoenix, AZ 85044",93,9,4.0
175,ABrSt3fsirLrUYNVrD3fbQ,The Greene House,AZ,"15024 N Scottsdale Rd, Ste 100, Scottsdale, AZ 85254",201,32,3.94
176,EWMwV5V9BxNs_U6nNVMeqw,FEZ,AZ,"3815 N Central Ave, Phoenix, AZ 85012",1046,160,4.18
177,5rtC3OBCIq0WKVoKH--GCg,Bradley Ogden,NV,"Caesars Palace, 3570 Las Vegas Blvd, The Strip, Las Vegas, NV 89109",198,17,4.06
178,fq3TCuBBaKtRnibcSoRHpQ,T.G.I. Friday's,AZ,"2501 W Happy Valley Rd, Phoenix, AZ 85027",34,4,3.25
179,1nO6ffHEwZYFBzEsyw1w7w,FIX,NV,"Bellagio, 3600 S Las Vegas Blvd, The Strip, Las Vegas, NV 89109",367,33,3.55
180,ZNdsRbGeOfrYYPRl6AziCQ,Michael Mina,NV,"Bellagio Resort &Casino, 3600 S Las Vegas Blvd, The Strip, Las Vegas, NV 89109",370,10,3.8
181,aGulqXnFmpOh_5Qh96uBng,Alex,NV,"Wynn Las Vegas, 3131 Las Vegas Blvd S, Eastside, Las Vegas, NV 89109",128,5,5.0
182,vaq5SJubaZjIoGhgkwxxUA,Terrace Pointe Café,NV,"3131 Las Vegas Blvd. South, The Strip, Las Vegas, NV 89109",366,75,3.73
183,i2gLXa-MSAS-9oU8K_rnYQ,Bloom,AZ,"8877 N Scottsdale Rd, Ste 402, Scottsdale, AZ 85253",79,8,3.88
184,tdeHd2AVYlEnz9F1UGb84Q,ZuZu at Hotel Valley Ho,AZ,"6850 E Main St, Scottsdale, AZ 85251",202,17,3.53
185,TCqkBVN84Ek0oLmZGAX5xA,Lisa G Cafe and Wine Bar,AZ,"2337 N 7th St, Phoenix, AZ 85006",56,7,4.43
186,ppeTb_JfnAbO200zcTgNMw,Fresco,WI,"227 State St, Capitol, Madison, WI 53703",89,7,4.43
187,Fn8hc8b3357nDJfFksdcbg,Zest - Spirited Dining,AZ,"4117 N 16th St, Phoenix, AZ 85017",12,2,4.0
188,HAgGoHAT9Ar98jjBvhucPA,The Melting Pot,NV,"8955 S. Eastern Avenue, Southeast, Green Valley, NV 89123",14,6,3.83
189,UL3OMN_c-NXHlyb97pDifA,Yard House,AZ,"7014 East Camelback Rd, Scottsdale, AZ 85251",246,49,3.84
190,GJp4zTQPPsCEkUitopGfAQ,Stack Restaurant & Bar,NV,"The Mirage Resort and Casino, 3400 Las Vegas Blvd S, The Strip, Las Vegas, NV 89109",380,31,4.06
191,Ez2MFsVT5lJZ05yvK_0AXQ,Pita Jungle,AZ,"7366 E. Shea Blvd., Scottsdale, AZ 85260",286,82,4.02
192,4waggbCK-MSE9dbIdSMfPA,Compass Arizona Grill,AZ,"The Hyatt Regency, 122 N Second St, Phoenix, AZ 85004",135,5,3.6
193,qXG8IlKuvy5k9fJ3y2gLgg,Nobhill Tavern by Michael Mina,NV,"3799 Las Vegas Blvd S, Eastside, Las Vegas, NV 89109",322,33,4.3
194,rXEGCpdboVwczMIDZuXXaA,Sardine,WI,"617 Williamson St, Williamson - Marquette, Madison, WI 53703",191,13,3.92
195,rZbHg4ACfN3iShdsT47WKQ,Bobby Q,AZ,"8501 N 27th Ave, Phoenix, AZ 85051",720,121,4.45
196,45CkLZEIYK4KLDAb5GvxEg,Elephant Bar Restaurant,NV,"2270 Village Walk Dr, Anthem, Henderson, NV 89052",158,34,3.12
197,UpMR63WZgIn8VDKnYpDwXA,Cafe Bellagio,NV,"Bellagio Resort &Casino, 3600 S Las Vegas Blvd, The Strip, Las Vegas, NV 89109",447,52,3.04
198,Ydc74ermKp1L4fYOrPvzXw,Stoudemire's Downtown,AZ,"3 S 2nd St, Phoenix, AZ 85004",18,3,2.67
199,LEWwr5Qu2NKKv4t2BvtA6A,Moe's Southwest Grill,AZ,"1158 W Washington St, Tempe, AZ 85281",6,1,2.0
200,uCoNIQty4nPrhn_WHo110A,The Cheesecake Factory,NV,"3500 South Las Vegas Blvd., The Strip, Las Vegas, NV 89109",272,53,3.85
201,xfwRO04KbAPw_zRotCfWQQ,Hash House A Go Go,NV,"6800 W Sahara Ave, Westside, Las Vegas, NV 89146",2201,889,3.92
202,_oBxfuBd2qDEWaYsdvP_dg,Gordon Biersch Brewery Restaurant,AZ,"6915 N 95th Ave, Glendale, AZ 85305",91,10,3.1
203,NK-8zniVfA21IQoQCynrDg,America,NV,"New York New York Hotel & Casino, 3790 Las Vegas Blvd S, The Strip, Las Vegas, NV 89109",234,23,2.74
204,cdacUBBL2tDbDnB1EfhpQw,Cafe Carumba,AZ,"7303 E Indian School Rd, Scottsdale, AZ 85251",67,5,3.6
205,53YGfwmbW73JhFiemNeyzQ,Olive & Ivy,AZ,"7135 E Camelback Rd, Ste 195, Scottsdale, AZ 85251",654,66,4.23
206,-yxfBYGB6SEqszmxJxd97A,Quiessence Restaurant,AZ,"6106 S 32nd St, Phoenix, AZ 85042",128,4,2.75
207,7cP7WFmWiTVh-raIL3N_Vw,The Roosevelt,AZ,"816 N 3rd St, Phoenix, AZ 85004",221,3,3.67
208,RDX_MLThtKVPb22TvJh9rQ,7th Heaven Eatery,AZ,"2501 E Camelback Rd, Phoenix, AZ 85016",10,3,2.67
209,WS1XuIez_2KP-3RJD-r9kg,THEcafe at THEhotel,NV,"Mandalay Bay Resort and  Casino, 3950 S Las Vegas Blvd, The Strip, Las Vegas, NV 89109",123,15,3.73
210,kFmud3f8H8GSO8eeHDNfrA,Table 34,NV,"600 E Warm Springs Rd, Southeast, Las Vegas, NV 89119",92,6,4.33
211,gj0TXVTQzU8xn6Atx7IYwA,Mardi Gras Bar and Grill,AZ,"8040 E Mcdowell Rd, Scottsdale, AZ 85257",11,1,4.0
212,vWnlScr9y2F6_ctDJZ6XLg,Cave Creek Coffee Company,AZ,"6033 E Cave Creek Rd, Cave Creek, AZ 85327",57,4,4.5
213,_fcEpudbiTB4o9wLJ-egTA,Grand Café,NV,"Green Valley Ranch Resort & Spa, 2300 Paseo Verde Pkwy, Anthem, Henderson, NV 89052",48,11,2.73
214,4uDW2Rp9eAPL5BUd5C5-bA,Kona Grill,NV,"750 S Rampart Blvd, Westside, Las Vegas, NV 89145",311,56,3.89
215,BW1JCE3Qj4uIokg7kLUL7w,Wolfgang Puck Bar and Grill,NV,"MGM Grand Hotel and Casino, 3799 Las Vegas Blvd S, Eastside, Las Vegas, NV 89109",767,138,3.86
216,8cL7aJVKTYmLguzXEAS3Lw,Yard House,AZ,"21001 North Tatum Blvd, Phoenix, AZ 85050",208,42,3.9
217,zG_wv69bsllw_PWhOmoAKQ,Tarbell's,AZ,"3213 E Camelback Rd, Phoenix, AZ 85018",160,28,4.39
218,fZVZeZJkziJ7B1rIcmT3Iw,Sierra Gold,NV,"6515 S Jones Blvd, Spring Valley, Las Vegas, NV 89118",116,14,3.93
219,hJVt1P4FOvj-soabliLdaA,Rock-n-Roll Fingers,AZ,"937 E Broadway, Tempe, AZ 85282",89,75,4.43
220,vEeiIvhzz29rO-6EPFqkjQ,Tableau,NV,"3131 Las Vegas Blvd S, The Strip, Las Vegas, NV 89109",207,11,3.73
221,yJMLD-6AggZNdC-GonVBsA,Binkley's,AZ,"6920 E Cave Creek Rd, Cave Creek, AZ 85331",171,10,4.9
222,wJ-JsU531VcSKta0oFh15Q,D'Vine Bistro & Wine Bar,AZ,"2837-101 N Power Rd, Ste 101, Mesa, AZ 85207",82,6,3.67
223,tg1xGdWUMX02XD6AVb-kxw,Gray's Tied House,WI,"950 Kimball Ln, Verona, WI 53593",41,4,2.5
224,w19cemjVR8u02PgjFpJ7Mw,Pita Jungle,AZ,"4340 E. Indian School Rd., Phoenix, AZ 85018",242,73,4.18
225,zORdAIouXrGO1yU4sIMweg,BJ's Restaurant & Brewhouse,NV,"10840 West Charleston, Summerlin, Summerlin, NV 89135",240,54,4.02
226,Ni9aqkG_fNWrH02VNlRhLQ,Pho Thanh Huong,NV,"1131 E Tropicana Ave, Ste D, Southeast, Las Vegas, NV 89119",188,23,3.7
227,H0QkByri08NTgd8KEdyCsw,Extreme Pita,AZ,"777 S College Ave, Tempe, AZ 85281",7,3,1.67
228,yMhjh0ASFZscz0QlLxAj0w,Native New Yorker Restaurant,AZ,"23706 S Power Rd, Queen Creek, AZ 85142",19,8,2.88
229,7TMf1NuuAdvhG7IojZSKnw,Zipps Sports Grill,AZ,"3950 W Ray Rd, Chandler, AZ 85226",92,9,3.33
230,DAIBZ-I6i5wEUsxEolzXBA,Chick-fil-A,AZ,"16657 N 83rd Ave, Peoria, AZ 85382",60,28,4.36
231,_EdSQOkATuCtZ5y5A2m0rw,Arby's,AZ,"17031 N Tatum Blvd, Phoenix, AZ 85032",3,1,3.0
232,R1ySBCVS2eQf-s0Z4ifIug,The Gilbert House,AZ,"397 S Gilbert Rd, Gilbert, AZ 85296",102,4,4.25
233,uyg5_fHXJe837GXd-4yiSQ,Native New Yorker,AZ,"21164 N John Wayne Pkwy, Maricopa, AZ 85239",51,6,2.67
234,uKSX1n1RoAzGq4bV8GPHVg,St Francis Restaurant,AZ,"111 E Camelback Rd, Phoenix, AZ 85012",743,85,3.93
235,VXivZOUYeKBFFab9JVHOSA,The Market By Jennifer's,AZ,"3603 E Indian School Rd, Ste A, Phoenix, AZ 85018",39,2,3.0
236,6TH_CEK34v6vwHE3BBMkpg,Long Wong's,AZ,"1455 S Stapley Dr, Mesa, AZ 85204",30,1,5.0
237,xx8DVj1NQfJR33B9e8t5vg,Fireside Restaurant & Tavern,NV,"1785 E Cactus Ave, Southeast, Las Vegas, NV 89183",51,6,3.5
238,yXtCzVqUR6WYARQdawyevw,Charlie Palmer Steak,NV,"3960 S Las Vegas Boulevard, The Strip, Las Vegas, NV 89119",216,2,5.0
239,Sigyvc6NvqxclhrDPG2kAw,Kennedy Tavern,NV,"2235 Village Walk Dr, Ste 157, Anthem, Henderson, NV 89052",16,2,3.5
240,JtvwIwSl6rXVKacqP8avyw,California Pizza Kitchen,NV,"The Mirage Hotel and  Casino, 3400 Las Vegas Blvd S, The Strip, Las Vegas, NV 89109",83,20,3.8
241,Pz7SWZQhxL6ZbhL9jE2NTA,MIX,NV,"Mandalay Bay Resort & Casino, 3950 Las Vegas Boulevard, The Strip, Las Vegas, NV 89119",878,41,3.8
242,vAmEaIWMCPrA0JUx3ZCEyQ,Sunset & Vines,NV,"40 Costa Di Lago, Henderson, NV 89011",54,2,4.0
243,dfb_VmNKMJ8QjVi48y5vcQ,PT's,NV,"1383 E Silverado Ranch Blvd, Southeast, Las Vegas, NV 89123",10,2,3.0
244,yfzr4CJpDnbMYq91ADc9dQ,PT's,NV,"6235 S Decatur Blvd, Las Vegas, NV 89118",17,3,4.0
245,-8NkeBMgbGX97In5NEZtqA,Quark's Bar & Restaurant,NV,"Star Trek The Experience, 3000 Paradise Rd, Eastside, Las Vegas, NV 89109",42,7,3.71
246,iDQK85-DyIlSpTz_XhkZVA,The Cheesecake Factory,NV,"The District at Green Valley Ranch, 160 S Green Valley Pky, Henderson, NV 89052",168,49,3.63
247,ywnY2EoUlboGgmXTuczbYQ,PT's,NV,"4424 W Spring Mountain Rd, Chinatown, Las Vegas, NV 89102",24,3,3.0
248,oVfM3YqMRE1Dglf7cmvb2w,David Burke,NV,"The Venetian, 3355 Las Vegas Blvd S, Westside, Las Vegas, NV 89109",84,8,3.5
249,7_7fxuG9ESAFmx-AiMsJHg,Bar Smith,AZ,"130 E Washington St, Phoenix, AZ 85004",97,2,4.0
250,QQplckr0yVO-8DSPFpbGBQ,SKYE,AZ,"16844 N Arrowhead Fountain Center Dr, Peoria, AZ 85382",38,3,3.33
251,UCid2Tas6K4SB9sHO9gQ8w,Elephant Bar Restaurant,AZ,"3405 W Chandler Blvd, Chandler, AZ 85226",133,28,3.43
252,ViiR9YbakbwMBBbaBaaVjg,Riva by Wolfgang Puck,NV,"3355 Las Vegas Blvd N, The Venetian Hotel, Eastside, Las Vegas, NV 89109",27,3,3.67
253,9CLZ-Uwv3nmOlbbGCIhvrQ,Ocean One Bar and Grille,NV,"3785 Las Vegas Blvd S, Ste 620, The Strip, Las Vegas, NV 89136",174,26,2.5
254,SIzUsf5x2RSkPwJS--A4Rw,Methode Bistro,AZ,"6204 N Scottsdale Rd, Scottsdale, AZ 85253",5,1,4.0
255,4TqCyWoWmUpghIVAiSo--g,Basis New American,AZ,"410 E Thunderbird Rd, Phoenix, AZ 85022",18,3,4.67
256,LkUW-NhcFg21GV9IgiUw0A,S'Bistro,AZ,"124 W Main St, Mesa, AZ 85201",8,2,3.0
257,_45p8kOA__aNycVVe-n-KA,Planet Dailies,NV,"3667 Las Vegas Blvd. S., The Strip, Las Vegas, NV 89109",385,67,2.75
258,IVc23uY-36WUNYoIbz42Fg,Switch Restaurant & Wine Bar,AZ,"2603 N Central Ave, Phoenix, AZ 85004",512,92,3.91
259,JyJDtNQYszK_MmEmzhkoDw,PT's,NV,"10075 S Eastern Ave, Anthem, Henderson, NV 89052",25,4,4.25
260,voHJIbWq-lRjWpv1hlSWig,The Foodbar,AZ,"7114 E Stetson Dr, Ste 105, Scottsdale, AZ 85251",15,7,4.0
261,i213sY5rhkfCO8cD-FPr1A,BJ's Restaurant & Brewhouse,AZ,"21001 North Tatum Blvd., Phoenix, AZ 85050",132,24,3.83
262,rSWmudRS67yE-j0Ew2i-mw,Cafe Forte,AZ,"7032 E Main St, Scottsdale, AZ 85251",37,7,3.14
263,mergQjOh4vok_U1Jg8rVzQ,NM Cafe,NV,"Fashion Show Mall Neiman Marcus, 3200 Las Vegas Blvd S, Ste 100, The Strip, Las Vegas, NV 89136",28,7,4.14
264,LczmFOyHd7US9DlxC4FUWg,JT Whitney's Pub & Brewery,WI,"674 S Whitney Way, Madison, WI 53711",6,1,4.0
265,q9_N4b26UhGAYicjueUinQ,Yucca Tap Room,AZ,"29 W Southern Ave, Tempe, AZ 85282",121,4,4.0
266,jsblnIZnHUQGufwVb_yX6g,California Pizza Kitchen,AZ,"2000 E Rio Salado Pkwy, Ste 1253, Tempe, AZ 85281",81,24,3.5
267,bwaj94niH8eOG5p31IKB6Q,Sierra Gold,NV,"1341 W Warm Springs Rd, Henderson, NV 89014",36,5,3.2
268,5tey93wPQOb7z6jOLJZ30w,Half Moon Sports Grill,AZ,"288 E Greenway Pkwy, Ste 103, Phoenix, AZ 85022",108,12,3.58
269,tvyOw9dBJ-ds5fEXMTjzfQ,Clarendon Kitchen + Bar C4,AZ,"401 W Clarendon Ave, Phoenix, AZ 85013",29,7,3.14
270,PCTG40ydF3jtWg0b6YSTJQ,Bongo's Bar & Grill,AZ,"4080 W Ray Rd, Ste 26, Chandler, AZ 85226",17,1,4.0
271,pDXv67UQjBKScEgGhc5yLg,Catch 22 Sports Grill,AZ,"18725 N 32nd St, Phoenix, AZ 85050",70,7,3.14
272,6xDQaprsX-GMl6umXeILPw,101 Bistro,AZ,"101 N 1st Ave, Phoenix, AZ 85003",7,1,4.0
273,0qPmDwHa9NdvvIOgerR8HQ,Canal Restaurant,AZ,"7144 E Stetson Drive, Ste 250, Scottsdale, AZ 85251",40,6,4.0
274,gvtwlFW29b92qcYUAH_v2w,Gordon Biersch Brewery Restaurant,NV,"750 S Rampart Blvd, Ste 16, Westside, Las Vegas, NV 89145",148,24,3.67
275,VO13q-11lh7St1gd7JPI3Q,Grand Lux Cafe,AZ,"7014 E Camelback Rd, Ste 1023, Scottsdale, AZ 85251",104,31,3.55
276,VQTjhYGMIyqSRJHgHLFvjg,Sonoma Casual Dining,AZ,"25 W Van Buren St, Phoenix, AZ 85003",15,3,2.67
277,Gq092IH6eZqhAXwtXcwc6A,SanTan Brewing Company,AZ,"8 S San Marcos Plz, Chandler, AZ 85225",469,41,3.9
278,GjvIDOEhdQB1oPrFeSpxBw,Gordon Biersch,AZ,"18545 N Allied Way, Phoenix, AZ 85054",82,15,3.6
279,ruhhxpj8IrxwMh25eFaKLQ,California Pizza Kitchen,AZ,"1850 South Val Vista Dr, Mesa, AZ 85204",35,6,3.17
280,91ohFfAbLvc7HcI68OHy3w,Company American Bistro,NV,"Luxor Hotel Casino, 3900 Las Vegas Blvd S, The Strip, Las Vegas, NV 89119",26,4,3.75
281,GDwvyDgnUombMKvrVnqxvA,Ahnala Mesquite Room,AZ,"10438 N Fort McDowell Rd, Fort McDowell, AZ 85264",16,1,3.0
282,YeDYa6tYL16CyqYvUVOtLw,Margaritaville,AZ,"6751 N Sunset Blvd, Ste E109, Glendale, AZ 85305",161,20,2.7
283,supigcPNO9IKo6olaTNV-g,1130 The Restaurant,AZ,"455 N 3rd St, Ste 1130, Phoenix, AZ 85004",107,17,3.0
284,2VpSPb8IVXNqyVY5n7caGg,ASAP California Pizza Kitchen,AZ,"Phoenix International Airport, 3400 E Sky Harbor Blvd, Terminal 4 near Gate 10, Phoenix, AZ 85034",15,2,2.5
285,CdWrHBOvTZ6i0Z37iFaV3g,Javino's,AZ,"14795 N Northsight Blvd, Scottsdale, AZ 85260",31,3,4.0
286,ld9OqTALe6LRnHyFFThMZg,The Painted Horse Restaurant,AZ,"10989 E Dynamite Blvd, Ste 103, Scottsdale, AZ 85262",18,5,4.6
287,aMxgW7RlILhF-vcD-sihhg,Granite City,WI,"72 W Towne Mall, Madison, WI 53719",67,8,3.25
288,Xn_vBRM_vpy6uhnEBIpt-g,Phil's Grill,AZ,"Grayhawk Country Club, 8620 E. Thompson Peak Pkwy, Scottsdale, AZ 85255",9,4,4.25
289,3EEVGDngt4DEhoOQZIUNUw,Arcadia Farms Cafe,AZ,"1625 N Central Ave, Phoenix, AZ 85004",27,7,3.57
290,o5Xu5zGBgL4jruUXudm2yQ,California Pizza Kitchen,NV,"6659 Las Vegas Blvd South, Bldg C1, STE 100, Southeast, Las Vegas, NV 89119",75,22,3.64
291,BXZvqVclZMv-1_xHCdgOCA,Friday's,WI,"1610 Deming Way, Middleton, WI 53562",16,3,2.67
292,84bLhe1aibxNmogtqSO4rA,Blue Martini,NV,"6593 Las Vegas Blvd S, Ste 214, Southeast, Las Vegas, NV 89119",441,24,3.33
293,KoJ4jNSmqYbmKqcoh-2dNA,Arizona Roadhouse 66,AZ,"Sky Harbor International Airport, B Terminal, Gates 1-14, Phoenix, AZ 85073",22,4,1.25
294,QozXMHqNzkVutP-FhcP30w,Table 10,NV,"The Palazzo, 3327 Las Vegas Blvd S, The Strip, Las Vegas, NV 89109",401,38,3.68
295,ymwr8OUokLLxG89gjJ1hjw,The Estate House,AZ,"7134 E Stetson Dr, Ste 200, Scottsdale, AZ 85251",43,3,3.0
296,nhETfCY4OcAgg9pkr_zNQQ,Louis's Las Vegas,NV,"6599 Las Vegas Blvd, Southeast, Las Vegas, NV 89119",5,1,4.0
297,f2nLhBF_tId8eiN6GhJv6g,OC Seven,AZ,"The Scottsdale Athletic Club, 8225 E Indian Bend Rd, Scottsdale, AZ 85250",4,1,4.0
298,nS9Dgj0a5o4Et80jFXBlrw,Martini Bistro,AZ,"Phoenix Sky Harbor International Airport, 3400 E Sky Harbor Blvd, Phoenix, AZ 85034",3,1,4.0
299,MeC8jb8n-9VR5wgBj_7PEw,The Café at Heard Museum North Scottsdale,AZ,"32633 N Scottsdale Rd, Scottsdale, AZ 85262",5,1,4.0
300,j_pce4pG9krrBeYwUni8Pg,Yard House,NV,"6593 Las Vegas Blvd S., Southeast, Las Vegas, NV 89119",641,130,4.05
301,gI4jThFNwy73SzaNvi-1dw,Ling & Louie's Asian Bar and Grill,AZ,"9397 E Shea Blvd, Ste 125, Scottsdale, AZ 85260",130,44,3.82
302,mOXrStaa4BOvFP6SgPo_Yg,Life Cafe,AZ,"Lifetime Fitness, 6850 E Chauncey Ln, Scottsdale, AZ 85250",3,1,5.0
303,qd1ajiZRCwqEQJqCgoN1wg,The Herb Box,AZ,"DC Ranch, 20707 N Pima Rd, Ste 140-145, Scottsdale, AZ 85255",149,23,4.3
304,iV7D7fHKb-bF9fCL_bEMtA,Cork Restaurant,AZ,"4991 S Alma School Rd, Ste 101, Chandler, AZ 85248",148,10,4.1
305,MFPk16G7fAxnCKTyfjw8Vw,Pita Jungle,AZ,"1850 W. Southern Ave., Mesa, AZ 85202",112,26,4.08
306,RN5TVR5k8THsMGFjVbfYkA,Sautee,AZ,"4949 S Alma School Rd, Chandler, AZ 85248",5,2,3.0
307,0mPrp8m_caTxdSGfIxNtTw,Tommy Bahama Restaurant & Bar - Las Vegas,NV,"6635 Las Vegas Blvd. South, Southeast, Las Vegas, NV 89119",205,36,4.08
308,OBUQ86JDhbGWdSxmyIt7Dw,DJT,NV,"Trump International Hotel & Tower, 2000 Fashion Show Dr, The Strip, Las Vegas, NV 89109",51,5,3.6
309,_FBnbgbEwaZshbuoUoSBfA,Simon Restaurant and Lounge,NV,"The Palms, 4381 W Flamingo Rd, Las Vegas, NV 89103",319,32,3.78
310,AaKlegu7gmOCD4rEESF76Q,Maizie's Cafe & Bistro,AZ,"4750 N Central Ave, Phoenix, AZ 85012",336,45,3.82
311,AIN4FSq5ZM4Il5BzXzMNXg,Cracker Barrel Old Country Store,AZ,"1007 N Dobson Rd, Mesa, AZ 85201",89,21,3.57
312,QBJrNGuM7A8V3amEKBlpOw,McFadden's,NV,"Rio Hotel and Casino, 3700 W Flamingo Rd, Las Vegas, NV 89103",55,7,2.0
313,H2pm7yVZci7M5RKhAOYzuA,Claim Jumper,NV,"6629 Las Vegas Blvd S, Southeast, Las Vegas, NV 89119",163,46,3.43
314,He9Dar4bk2vyeiPC7TkUgA,Eddie's House,AZ,"7042 E Indian School Rd, Scottsdale, AZ 85250",208,26,3.88
315,1ZCX18x3LgCNAH4H41QZ-Q,Turf Grill,NV,"Green Valley Ranch Resort & Spa, 2313 Paseo Verde Dr, Anthem, Henderson, NV 89052",8,1,2.0
316,WQc22qucCCtOytbx5CHqbw,Nellie Cashman's Monday Club Cafe,AZ,"The Westin Kierland Resort & Spa, 6902 E Greenway Pkwy, Scottsdale, AZ 85254",19,6,3.17
317,SfzHZTjbQ1yHBFNrtaFtsQ,Great Steak & Potato,NV,"McCarran International Airport, Southeast, Las Vegas, NV 89119",40,2,1.5
318,K869zHqORZUhpbDOxsspuw,Wildberri,AZ,"401 E Bell Rd, Ste 23, Phoenix, AZ 85022",6,1,3.0
319,1hTBIFVqHfI1hRpdS8iIgg,Vogue Bistro,AZ,"15411 W Waddell Rd, Surprise, AZ 85379",126,14,4.0
320,2MmMDll1ZGouFtz_87X5RQ,Greens Gaming & Dining,NV,"2241 N Green Valley Pkwy, Henderson, NV 89014",4,1,2.0
321,Oq3JpmsRsNVKbwKScAP-nw,Blue Sage,AZ,"5350 E Marriott Dr, Phoenix, AZ 85073",27,4,3.5
322,7a8nSGq152yAkKVKmsqpng,Cafe Bink,AZ,"36889 N Tom Darlington Dr, Carefree, AZ 85377",126,19,3.79
323,qwmHm3s8p7J12AIY6Co8HQ,Pita Jungle,AZ,"7530 W Bell Rd, Ste 106, Glendale, AZ 85308",168,52,4.04
324,qb4PzVr19bXXLBf71dd5kQ,Dukes Sports Bar & Grill,AZ,"7607 E McDowell Rd, Scottsdale, AZ 85257",131,8,3.25
325,Oqm8u_eI_LVXOMAJ4wzP9g,Heart and Soul Cafe,AZ,"4705 E Carefree Hwy, Cave Creek, AZ 85331",103,16,4.0
326,41t-hpClH6k5ZlK39Q3WIQ,MountainSide,NV,"1442 E Lake Mead Pkwy, Henderson, NV 89015",25,1,1.0
327,Uke8Pq1m918WW0n0_jEmWw,Market Bistro,AZ,"6501 E Greenway Pkwy, Ste 123, Scottsdale, AZ 85254",55,14,3.93
328,0q98gY5I_5Ad_zLowCDkGA,Lakeside Bar & Grill,AZ,"Lake Pleasant Towne Center, 9980 W Happy Valley Rd, Peoria, AZ 85383",59,5,3.0
329,jfXqQTdxktGQWkELGn-7wA,The Cheesecake Factory,AZ,"Superstition Springs Center, 6613 E Southern Ave, Mesa, AZ 85206",58,12,4.25
330,M_b7P2IBKY6zyqDmXE1kJA,Stratta,NV,"Wynn Las Vegas, 3131 Las Vegas Blvd S, The Strip, Las Vegas, NV 89109",191,12,3.25
331,6v0vQm3wXzaFoEywvpbnqg,BJ's Restaurant & Brewhouse,AZ,"9748 W. Northern Ave., Peoria, AZ 85345",110,23,3.35
332,W_iTJxla_wCcEs28FBanNg,Byrd's Pub and Grill,WI,"5956 Executive Dr., Fitchburg, WI 53719",5,2,3.0
333,Q5diW79GD0MSJ10j1HCf8Q,TGI Friday's,AZ,"11025 N Black Canyon Hwy, Phoenix, AZ 85073",4,1,1.0
334,UOA5soaz7A1MLN7LJaDuYw,Bar Tepo,AZ,"1625 S Val Vista Drive, Mesa, AZ 85204",4,1,3.0
335,xaAUyMQRx9N8t5lNhDjIjg,E's Grill Estrella,AZ,"17750 W Elliot Rd, Goodyear, AZ 85338",3,1,4.0
336,DcrM4hwDcU2G6vuh2cnaYQ,noca,AZ,"3118 E Camelback Rd, Phoenix, AZ 85016",311,24,3.58
337,J7LSbTM72--2497H1kkM0w,Alchemy,WI,"1980 Atwood Ave, Schenk - Atwood, Madison, WI 53704",115,7,4.0
338,zFFN-NQjuQROEQW_xtQXWQ,RP Adler's,WI,"8202 Watts Rd, Madison, WI 53719",31,10,3.7
339,2jh1-DuB1L5t8pd1vXutgw,Bilbo's Bar & Grill,NV,"8699 W Charleston Blvd, Westside, Las Vegas, NV 89117",13,1,2.0
340,9ziO3NpoNTKHvIKCBFB_fQ,District American Kitchen and Wine Bar,AZ,"320 N 3rd St, Phoenix, AZ 85004",236,23,3.7
341,SBvw-IpLThBeiJF5qs9oMQ,Nordstrom Cafe,NV,"Fashion Show Mall, 3200 Las Vegas Blvd S., The Strip, Las Vegas, NV 89109",96,24,4.46
342,LQWa1oFDa5xpjfaYHwBwqQ,Jack in the Box,AZ,"141 N. Arizona Ave, Chandler, AZ 85224",3,1,4.0
343,Mk3Zdgr98L5aX8OZbamLUg,Madison's,WI,"119 King St, Capitol, Madison, WI 53703",51,4,2.5
344,ZQZzgR51Yf2PlDpQrwHkOw,John Cutter,NV,"11770 W Charleston Blvd, Summerlin, Las Vegas, NV 89135",102,18,3.11
345,cBpJIOrVXotDI0XAZH_k0g,Yard House,AZ,"9401 West Westgate Blvd, Glendale, AZ 85305",321,56,3.91
346,sry6XEVOqIDLoJRaXAMKjA,Tossed,AZ,"16495 N Scottsdale Rd, Ste 5a-1, Scottsdale, AZ 85254",23,9,3.44
347,CEq1jgP-F6roehvSiv30dQ,de la Cruz Bistro,AZ,"10 W Main St, Mesa, AZ 85209",58,14,3.36
348,L-uPZxooP_ziXCtRrWi8Pw,Café Monarch,AZ,"6934 E 1st Ave, Scottsdale, AZ 85251",253,23,4.61
349,QBOl1IrpvzEpxD9hO3gMwg,Nouveau Bistro,AZ,"3395 W Chandler Blvd, Chandler, AZ 85226",10,3,4.0
350,qjmCVYkwP-HDa35jwYucbQ,True Food Kitchen,AZ,"2502 E Camelback Rd, Phoenix, AZ 85016",624,85,3.89
351,bYVw4AB5Y7plyqxAJgSi5w,The City Cafe,EDH,"19 Blair Street, Newington, Edinburgh EH1 1QR",50,3,4.0
352,maB4VHseFUY2TmPtAQnB9Q,Majerle's Sports Grill,AZ,"Chandler Fashion Center, 3095 W Chandler Blvd, Chandler, AZ 85226",57,8,3.25
353,gY6AhCy22G9yFlAGu9vMFQ,Floyd's Kitchen,AZ,"12601 N Tatum Blvd, Phoenix, AZ 85032",89,32,3.84
354,rQ4z0EStSZE4acgkne6Hmg,Tuck Shop,AZ,"2245 N 12th St, Phoenix, AZ 85006",322,116,4.28
355,giZS_d2r7hMyYXCjCpkZTg,Mission Grille,AZ,"Tempe Mission Palms Hotel, 60 E 5th St, Tempe, AZ 85281",13,1,3.0
356,Q-zcwSfZdlwr6GxH1DBi2Q,Beef 'O' Brady's,WI,"804 Liberty Blvd, Sun Prairie, WI 53590",4,1,1.0
357,9Ep4sguv3HH_8lWyzSogjw,Indulge Burgers & More,AZ,"10392 N Scottsdale Rd, Scottsdale, AZ 85254",248,22,4.32
358,vm9axJ4kMtJNns25FalL6w,FuNuGyz Sports Grill,AZ,"8378 W Thunderbird Rd, Peoria, AZ 85381",47,11,3.64
359,owGvJscfm-k-rpAH8mEmBg,Dayton Street Grille,WI,"The Madison Concourse Hotel And Governor's Club, 1 W Dayton St, Capitol, Madison, WI 53703",18,1,1.0
360,e8FMAuTswDueAlLsNyLhcA,Daily Dose,AZ,"4020 N Scottsdale Rd, Scottsdale, AZ 85251",481,46,3.76
361,kwEQ3uY9Jwmknb5kNg3UlA,Grand Lux Cafe,NV,"PALAZZO Resort Hotel Casino, 3327 Las Vegas Blvd S, Ste 1580, The Strip, Las Vegas, NV 89109",699,177,3.85
362,ekguRa1QybpUaMHqc5vmAw,Antars Sports Bistro,AZ,"9611 W Camelback Rd, Phoenix, AZ 85037",15,5,4.2
363,Xi1AxyoKZ37PGzorOh9Ing,Ko'sin Restaurant,AZ,"5594 W Wildhorse Pass Blvd, Chandler, AZ 85226",37,5,2.4
364,l_qgSgZfarlgVjYy6NybPw,Off the Strip Bistro & Bar,NV,"10670 Southern Highlands Pkwy, Ste 102, Southwest, Las Vegas, NV 89141",220,53,4.23
365,ZOa7CkROQBhLuATpNHcHgg,Canyon Ranch Grill,NV,"3355 Las Vegas Blvd S, 3rd Fl, The Strip, Las Vegas, NV 89109",55,10,3.3
366,PuuOi8bxsvgD_r60iCXS9g,1855 Saloon and Grill,WI,"218 S. Main Street, Cottage Grove, WI 53527",25,8,2.75
367,jUCgAb0gmvjtOA25I1bQ8A,Brittlebush Bar & Grill,AZ,"The Westin Kierland Resort & Spa, 6902 E Greenway Pkwy, Scottsdale, AZ 85254",12,1,3.0
368,fwcoLKfZYMH6nZbAaeD6sw,Society Cafe Encore,NV,"3131 Las Vegas Blvd South, The Strip, Las Vegas, NV 89109",446,40,3.75
369,h16e3XoDeeNdWjOT7JtRnw,Sierra Gold,NV,"6929 Aliante Pkwy, Las Vegas, NV 89084",48,7,3.86
370,LuGSxdxaFnSFadpNV6uxZQ,Avalon,AZ,"7707 E McDowell Rd, Scottsdale, AZ 85257",85,10,3.9
371,vBDVxjMtXzZ8GUhV-1L3Jw,Chili's Grill & Bar,AZ,"12660 N Tatum, Phoenix, AZ 85032",32,7,3.71
372,_AvHni-xdRHmZ3XfYHwGkg,Posh Improvisational Cuisine,AZ,"7167 E Rancho Vista Dr, Ste 111, Scottsdale, AZ 85251",216,6,3.17
373,xmtKVO7C7KYVqMBe2eQq3A,Gordon Biersch Brewery Restaurant,AZ,"2218 E Willams Field Rd, Gilbert, AZ 85295",124,10,3.1
374,brz0ho_6H2RBhNzl97veEw,Verde Grill,AZ,"Trilogy Golf Club, 12575 W Golf Club Dr, Peoria, AZ 85383",14,2,2.0
375,uIDdneARsmwPLebKrwMtBw,Pita Jungle,AZ,"1431 E Williams Field Rd, Ste 101, Gilbert, AZ 85295",140,38,3.87
376,wl51t6lT7leiX64SlkOx6g,Pita Jungle,AZ,"20910 N Tatum Blvd, Suite 140, Phoenix, AZ 85050",215,79,4.16
377,JQrF4iHYZkF5IBTvOQBpIw,La Brioche True Food,WI,"2862 University Ave, Madison, WI 53705",87,3,3.67
378,14K90G-hbfk795NY7cKxMA,Blue 32 Sports Grill,AZ,"1524 E Williams Field Rd, Gilbert, AZ 85295",140,23,4.13
379,NbqbD0vR84L3VN59J41ePg,Sunset Grill,NV,"6280 S Valley View Blvd, Ste 100, Las Vegas, NV 89118",16,5,3.4
380,ttLtsY1S2Angj6hvEdzwDQ,Blue Martini Lounge,AZ,"5455 E High St, Ste 101, Phoenix, AZ 85054",139,3,3.0
381,6qC2ATU4rVRRTKI-SScQOQ,Kona Grill,AZ,"2224 E Williams Field Rd, Gilbert, AZ 85295",112,17,3.18
382,Uvdw8gzQTPkt7SPmx5W7Eg,T.G.I. Friday's,NV,"9090 Alta Dr, Westside, Las Vegas, NV 89145",44,2,3.5
383,6sNvLW4fVBWEgze71pGDZQ,TGI Friday's,NV,"7300 Aliante Pkwy, North Las Vegas, NV 89084",68,11,3.09
384,dnBtxFbV4qHXqntYGDUDxQ,12 East Cafe,AZ,"1153 E Jefferson St, Phoenix, AZ 85034",10,1,5.0
385,YgUhOHwvrE4C3Ki7bqmMJQ,Regions Bistro and Bar,AZ,"9343 E Shea Blvd, Ste 100, Scottsdale, AZ 85260",11,1,4.0
386,QPheu9dnwdlaPwXofP8ijw,Sapna Café,AZ,"1301 NW Grand Ave, Phoenix, AZ 85007",49,1,3.0
387,lIlaoptZjY7DD4pO0Mk8ow,The Cheesecake Factory,NV,"750 S Rampart Blvd, Bldg 17, Westside, Las Vegas, NV 89145",217,58,3.91
388,6L9McpPjh3UzZxvR1cf1Lw,Vinery 214 Bistro,AZ,"214 W Roosevelt St, Phoenix, AZ 85003",11,2,1.5
389,MpbVyyqTuZZKzHvrTw4Npg,Cafe Mix,AZ,"4405 E Mckellips Rd, Ste 106, Mesa, AZ 85215",83,22,4.45
390,oY71G_AaKlF4Il-gt4L2OQ,Pier 54,AZ,"5394 S Lakeshore Dr, Tempe, AZ 85283",50,5,3.2
391,F2Fxp4mQKOqSOYFEAOHnsw,Regions Bistro & Bar,AZ,"690 South Mill Ave., Tempe, AZ 85281",23,5,2.6
392,K9rlhLtpGjpzcVqZ3qxmug,PT's,NV,"6610 S Fort Apache Ave, Spring Valley, Las Vegas, NV 89148",19,1,3.0
393,vc_Rj7GAepCUpo3U6LAMHw,Veloce Cibo,NV,"12300 Las Vegas Blvd S, Henderson, NV 89044",54,10,3.9
394,pLdz4dZ6fUxp2GgBRNPq2Q,The Bar At Bermuda & St. Rose,NV,"11624 Bermuda Rd, Southeast, Henderson, NV 89052",48,6,3.5
395,BczVI3UZI9R9AqZVUcH3mA,Springs Cafe by Wolfgang Puck,NV,"333 S Valley View Blvd, Westside, Las Vegas, NV 89107",25,5,3.4
396,QR8WItkeeoKwng308YDVgA,The Landings,NV,"3500 Executive Terminal Dr, Ste  200, Anthem, Henderson, NV 89052",22,2,3.0
397,FFdlPSZCGgTdg1CAfrlvlw,Native New Yorker,AZ,"1339 E Chandler Blvd, Phoenix, AZ 85048",31,4,4.0
398,mMy3ki7V3ekNjKIH-93mZg,Engrained Cafe,AZ,"ASU Sun Devil Dining Memorial Union, 1290 S Normal Ave, Tempe, AZ 85287",14,2,4.0
399,1MMztCZKPtw9DoCVflfZFg,BJ's Restaurant & Brewhouse,NV,"9520 S. Eastern Ave., Southeast, Henderson, NV 89123",246,57,3.7
400,Aisjvk-fZVwAcGsN4NlviA,Kozy Cactus,AZ,"4326 E Cactus Rd, Phoenix, AZ 85032",11,1,4.0
401,mbpDk_uvYwH2ZPo8LoJYxg,Toby Keiths I Love This Bar & Grill,AZ,"1065 N Dobson Rd, Mesa, AZ 85201",168,20,2.6
402,FNRimJN6wz2Bywuz4RV_TA,Old Market Bistro,WI,"15 N Butler St, Capitol, Madison, WI 53703",3,1,5.0
403,ou5yH_kNEiN8J_GTSGYSvg,98 South,AZ,"98 S San Marcos Pl, Chandler, AZ 85225",22,2,4.0
404,vbuePEUjg869T_HWyz0qCw,Tinoco's Kitchen,NV,"Las Vegas Club Hotel, 18 E Fremont Street, Las Vegas, NV 89101",30,2,4.5
405,4zG4BIOz8pJ_mT3zsDIPew,Denny's,AZ,"825 S 48th St, Tempe, AZ 85281",12,1,4.0
406,sRhfzx8P_VAdmofWMSPD3A,Cafe Laguna,AZ,"2235 S Power Rd, Ste 120, Mesa, AZ 85209",10,1,5.0
407,9KkLGqb-D-cysttQzIl6ww,Sirio Ristorante,NV,"Aria Resort and Casino, 3745 Las Vegas Blvd S, The Strip, Las Vegas, NV 89109",160,12,3.67
408,_5k83wy9_5NpErw7Ecgt3g,American Fish,NV,"Aria Resort and Casino, 3746 Las Vegas Blvd S, The Strip, Las Vegas, NV 89109",288,4,3.5
409,OiCxoAIoBvEWxf7p1qVVmA,Sage,NV,"Aria Resort and Casino, 3732 Las Vegas Blvd S, The Strip, Las Vegas, NV 89109",646,16,4.5
410,bGj9djLAHjNR55OXsIDrAg,ARIA Cafe,NV,"ARIA Resort &Casino, 3730 Las Vegas Blvd S, The Strip, Las Vegas, NV 89109",392,51,2.9
411,32f43CI5i1oCleGZG5kQFA,Sammy's Beach Bar & Grill,NV,"McCarran International Airport, 5757 Wayne Newton Blvd, Eastside, Las Vegas, NV 89169",88,11,2.27
412,6P2DqisDHtmD4Lvs2sMP-A,The Lobby Grill,AZ,"8000 S Arizona Grand Pkwy, Phoenix, AZ 85044",27,2,2.5
413,JauLZ0TL3D3VIGtSnStzhA,First Food & Bar,NV,"The Palazzo, 3327 Las Vegas Blvd S, The Strip, Las Vegas, NV 89109",361,47,3.43
414,qqckmITTtyQkkwhrfc8HRw,Chef's Palate Restaurant,NV,"10740 S Eastern Ave, Suite 155, Anthem, Henderson, NV 89052",6,3,3.33
415,THq4W2p3emLdTJEP8f6cbQ,Elements Kitchen & Martini Bar,NV,"4950 S Rainbow Blvd, Ste 100, Spring Valley, Las Vegas, NV 89118",133,11,3.18
416,nlbZs9GkO_ZJk3qg9ZBSxw,Paradise Bakery and Cafe,AZ,"1946 S Signal Butte Rd, Ste 109, Mesa, AZ 85209",21,3,2.0
417,Q0tWheeEldwr0OKHTHB79g,Vu Bistro,AZ,"14815 E Shea Blvd, Fountain Hills, AZ 85268",46,2,3.0
418,OZZjgwmc0ijdGN-IMYBzhg,Black Pepper Grill,NV,"9510 S Eastern Ave, Southeast, Henderson, NV 89123",7,2,1.5
419,KVYSUfN89b-nih-_9HhF6g,McFadden's Restaurant & Saloon,AZ,"9425 W Coyotes Blvd, Glendale, AZ 85305",143,15,1.33
420,uBXSxanoPdT_Jc_x0_7ggg,Garfield's Restaurant,NV,"2620 Regatta Dr, Ste 117, Summerlin, Las Vegas, NV 89128",72,7,2.71
421,x6SGXzrmGPJklnbKO_SGxg,Great Dane,WI,"357 Price Pl, Madison, WI 53705",92,14,3.43
422,EBwv1DBGKsfdNZEYL70Dqw,Calistro California Bistro,AZ,"18221 N Pima Rd, Scottsdale, AZ 85255",52,13,3.38
423,tteHjtbjQfWnJgFe4jPoMA,Jacs,WI,"2611 Monroe St, Dudgeon-Monroe, Madison, WI 53711",107,9,3.89
424,ZztUsJyGDwPySepmXRG13g,Dave's Electric Brewpub,AZ,"502 S College, Tempe, AZ 85281",50,6,3.0
425,MsaOqCJY2EkaMqlDNKYKxw,Acua,AZ,"7144 E Stetson Dr, Ste 250, Scottsdale, AZ 85251",4,1,5.0
426,Vy_HoX_ZaJOMpVIE3W4Srg,Jovian Taphaus,WI,"876 Jupiter Dr, McClellan Park, Madison, WI 53718",5,1,1.0
427,WBxuIQsxGl7vNe5MXYszCA,BJ's Restaurant & Brewhouse,AZ,"6622 E. Superstition Springs Blvd., Mesa, AZ 85206",82,17,3.53
428,l-Xv5Kmg2gilJI3-DGVCqw,Pita Jungle,AZ,"7014 E. Camelback Rd., Scottsdale, AZ 85251",59,23,3.65
429,bFIOaAXd7iv6Zvnqx7D71A,Devil's Advocate Bar & Grill,AZ,"955 E University Dr, Tempe, AZ 85281",73,6,3.33
430,BY5vQCkob7bO7S-9Z8QQZA,MIX 94.1's Bite Of Las Vegas,NV,"8275 W Spring Mtn Rd, Spring Valley, Las Vegas, NV 89117",17,3,4.33
431,YCCDMLcb7UW8G-o_HsWiiA,Modern Steak,AZ,"7014 E Camelback Rd, Suite 1433, Scottsdale, AZ 85251",247,6,4.0
432,gW0k1iIF1xuuFclzI_HbBA,Bonfyre American Grille,WI,"2601 W Beltline Hwy, Madison, WI 53713",103,24,3.96
433,WkGl46RIsgyhqj5CSPejSQ,PT's,NV,"10940 S Eastern Ave, Anthem, Henderson, NV 89052",15,3,2.33
434,l5GGMobHJvzaQO2rZFwdTQ,The Compound Grill,AZ,"7000 E Mayo Blvd, Ste 21, Phoenix, AZ 85054",83,6,4.0
435,SVSNsGZat2WjTBNCmJlsHA,Ed's,AZ,"Phoenix, AZ 85004",3,1,5.0
436,m6JwiGrKrs0XCmH9ij3fmA,The Sporting House Bar & Grill,NV,"New York New York Hotel and Casino, 3790 Las Vegas Blvd S, The Strip, Las Vegas, NV 89109",95,8,2.75
437,IuAPYzf3NSyfyXYgT46YVA,FnB,AZ,"7125 E 5th Ave, Ste 31, Scottsdale, AZ 85251",295,57,4.47
438,ySOaDRUXr8ilrWAdjuKAyw,O2 Lounge,AZ,"8110 W Union Hills Ave, Ste 400, Glendale, AZ 85308",20,1,5.0
439,SXVI_RMuNWEoXDXlgtRfiw,Il Vinaio,AZ,"270 W Main St, Mesa, AZ 85201",81,9,3.11
440,s1dex3Z3QoqiK7V-zXUgAw,5th and Wine,AZ,"7051 E 5th Ave, Scottsdale, AZ 85251",371,57,4.14
441,JgyUh1fMQhFBq2GiWU9teA,Eureka! Grill,AZ,"15332 W Bell Rd, Ste 101, Surprise, AZ 85374",12,2,3.5
442,aV4g1yMKv75FZGWs4a_2Bw,Portofino Beach Bar & Grill,AZ,"6718 W Deer Valley Rd, Glendale, AZ 85310",4,1,4.0
443,bxF5KhZbBhVk3usx58FgVg,Sunset Grill of Deforest,WI,"637 W North St, De Forest, WI 53532",11,4,1.0
444,120FPCmDjdvuHrAnRmHKKQ,Logan's Madtown,WI,"322 W Johnson St, Capitol, Madison, WI 53703",10,1,3.0
445,CMtl40yu6s1vB0bOjP0C_w,Silk Road,NV,"Vdara, 2600 W Harmon Ave, Eastside, Las Vegas, NV 89109",24,1,3.0
446,9dopZKjYiKwPiw7kEQsEag,Down Under Wines & Bistro,AZ,"1422 W Warner Rd, Ste 100 A, Gilbert, AZ 85233",74,5,3.4
447,8_7FOY-N7MVhNM1F-PbAoQ,Union Restaurant & Lounge,NV,"Aria Resort & Casino, 3736 Las Vegas Blvd S, The Strip, Las Vegas, NV 89109",59,4,4.25
448,q9WaFYhlOZCrfXJQTG5t_Q,The Living Room,AZ,"2475 W Queen Creek Rd, Chandler, AZ 85248",176,11,3.73
449,HgIqOb4R8gWy6dqwYkZfEA,Sabor,NV,"594 N Stephanie St, Henderson, NV 89014",41,11,4.0
450,M6fjHpkL9IRI-nI0BattRw,The Main Ingredient Ale House And Café,AZ,"2337 N 7th St, Phoenix, AZ 85006",358,2,3.0
451,xY1sPHTA2RGVFlh5tZhs9g,Culinary Dropout,AZ,"7135 E Camelback Rd, Ste 125, Scottsdale, AZ 85251",655,143,3.79
452,CU5d1QN2A5cgcR9zmLVS0g,The Cooper's Tavern,WI,"20 W Mifflin St, Capitol, Madison, WI 53703",188,19,3.26
453,vwZ15OkVO6PemAe87k0M-Q,Mabel's On Main,AZ,"7018 E Main St, Scottsdale, AZ 85251",202,16,4.19
454,TnkxapUN4nWMz_z5h3qMYg,Pita Jungle,AZ,"1001 N 3rd Ave, Ste 3, Phoenix, AZ 85003",214,58,3.84
455,QbmcCE_cLq4WO8ZMKImaLw,Hash House A Go Go,NV,"The Quad Resort & Casino, 3535 Las Vegas Blvd S, The Strip, Las Vegas, NV 89109",1759,845,3.85
456,UHh2br86pxndWXELC6B8Cw,The Melting Pot,AZ,"19420 N 59th Ave, Glendale, AZ 85308",77,9,4.22
457,0H7ewZ656xM0bulSMowWtQ,Sagos Baja Tavern & Lounge,NV,"4790 S Fort Apache Rd, Spring Valley, Las Vegas, NV 89147",45,10,3.7
458,cKylbPFCMyvunMWU-RLptg,Slices,AZ,"2000 E Rio Salado Pkwy, Tempe, AZ 85281",27,9,3.44
459,lr9g60tGRMHkU4xYiLYdkw,Mirage Sports Grill,AZ,"725 W Apache Trl, Apache Junction, AZ 85120",3,1,4.0
460,N80E9zoWEpHhi4kH2eKAsw,Bar North,AZ,"15024 N Scottsdale Rd, Ste 140, Scottsdale, AZ 85254",30,2,4.5
461,xtuiOHwL5HmVINb9XZvc9g,Bonzai Bob's,NV,"1725 N Rainbow Blvd, Las Vegas, NV 89108",4,2,5.0
462,XzdJdCEZyopW1RjFfxcK8A,Westside Bistro,NV,"710 W Lake Mead Blvd, North Las Vegas, NV 89030",9,2,3.0
463,BdHq8McnAFZ_TinhrQrNuQ,Chili's Grill & Bar,NV,"7335 Arroyo Crossing Pkwy, Spring Valley, Las Vegas, NV 89113",70,13,3.15
464,NUl8uEz5ijDAZvkgCQrrpA,PT's,NV,"2135 E Centennial Pkwy, Las Vegas, NV 89081",28,2,2.5
465,8RYf6xuRZDTyvX59eTAydw,Wienerschnitzel,NV,"2060 E Serene Ave, Southeast, Las Vegas, NV 89123",12,1,4.0
466,CBoMK_j_QG-DdMIsqznTkQ,Beso,NV,"Crystal-City  Ctr, 3720 Las Vegas Blvd S, Spring Valley, Las Vegas, NV 89118",50,2,4.5
467,9S1tgwjtErBJywAlXuSIlw,PT's,NV,"5630 S Hualapai Way, Spring Valley, Las Vegas, NV 89148",30,4,3.0
468,cdwHgELA2puX2DNfwSt5EA,El Chorro,AZ,"5550 E Lincoln Dr, Paradise Valley, AZ 85253",166,16,3.38
469,-pJVjm0t4F6sNHo77HlQKA,The Cove Grill,AZ,"5070 S Gilbert Rd, Ste 400, Chandler, AZ 85249",35,3,3.67
470,XqmAbDasWtBd76LpJnMKqQ,Wolfgang Puck Express,NV,"5757 Wayne Newton Blvd, Southeast, Las Vegas, NV 89111",23,4,2.0
471,32X-4aALQG3Sc_o5hVrv7Q,ROQ,AZ,"Intercontinental Montelucia Resort, 4949 E Lincoln Dr, Paradise Valley, AZ 85253",10,1,3.0
472,r-a-Cn9hxdEnYTtVTB5bMQ,The Grind,AZ,"3961 E Camelback Rd, Phoenix, AZ 85018",307,27,3.67
473,sbsFamEj5wDxNAjUKrMcSw,RnR,AZ,"3737 N Scottsdale Rd, Scottsdale, AZ 85251",401,54,3.48
474,NcAI7SE1SNlrOEfFg9Wzuw,Ghost Lounge,AZ,"202 N Central Ave, Phoenix, AZ 85004",32,2,4.0
475,4YiayKmzqRao1UNb8Xh0Bw,On The Green Sports Grill,AZ,"801 S Power Rd, Mesa, AZ 85206",13,3,4.0
476,cp39VURFby4A6u9m2It8jg,Zinburger,AZ,"2502 E Camelback Rd, Ste 127, Phoenix, AZ 85016",442,43,3.49
477,WS1z1OAR0tRl4FsjdTGUFQ,The Vig Uptown,AZ,"6015 N 16th St, Phoenix, AZ 85014",321,32,3.59
478,LuYZUc1MOG0pA146SCeXgA,Bar + Bistro @ the Arts Factory,NV,"107 E Charleston Blvd, Ste 155, Downtown, Las Vegas, NV 89104",283,27,3.56
479,y6NFyThUU2wtTNa0rX7VrA,DW Bistro,NV,"6115 S Ft Apache Rd, Ste 112, Spring Valley, Las Vegas, NV 89148",579,214,4.36
480,o6K1dLoVm6g9ThxQTd15hw,E2,AZ,"240 E Orange Mall, Tempe, AZ 85281",12,1,4.0
481,yOLyhudDoL2faBOK0dAN3Q,Badger Cafe,NV,"1801 E Tropicana Ave, Ste 8, Eastside, Las Vegas, NV 89119",84,12,4.42
482,M-KswR9gmh6C5VZq32OUSw,Rhythm and Wine,AZ,"7605 E Pinnacle Peak Rd, Scottsdale, AZ 85255",59,10,4.1
483,EQQOPKL3rmPsH73IF7kvjw,Johnny Smalls,NV,"Hard Rock Hotel & Casino, 4455 Paradise Rd, Eastside, Las Vegas, NV 89199",134,39,3.64
484,ETnU0pf3aFuZfpHEHWyd4A,Rock & Rita's,NV,"Circus Circus Hotel and Casino, 2800 Las Vegas Blvd S, The Strip, Las Vegas, NV 89109",98,10,3.0
485,mY3l0hqy2aayUWRjIYpBVA,Niki's Kitchen- Fry Bread,AZ,"816 S Stapley Rd, Mesa, AZ 85204",44,7,4.57
486,mmwJ2goOb9jJi53zxEdByw,Zendejas Grill,AZ,"19420 N 59th Ave, Glendale, AZ 85308",30,2,3.0
487,SSOCVuB-KuTOv1A0TIyttQ,Nu Sanctuary Lounge,NV,"6605 S Las Vegas Blvd, Ste 145, Southeast, Las Vegas, NV 89119",68,8,3.62
488,ItMihRR-t810HgctGofF3g,Nourish,AZ,"Optima Camelview Complex, 7147 E Highland Ave, Scottsdale, AZ 85251",159,27,3.48
489,6QQ1qO4X9NBBsrq4tYb5dQ,Straight Up Gaming & Martini Lounge,NV,"4970 S Fort Apache Rd, Las Vegas, NV 89148",22,4,2.75
490,8Cg98L22BEcAD3gQq3QsPA,Gallagher's,AZ,"2050 N Alma School Rd, Chandler, AZ 85224",22,6,2.83
491,6qCDfZ0VAX9-O6X5ZFpXrQ,Orange Sky,AZ,"Talking Stick Resort, 9800 E Indian Bend Rd, Scottsdale, AZ 85256",125,4,4.0
492,MQYZVDPR8rCWuw7TFrVQDw,The Restaurant at Angel Park,NV,"Angel Park Golf Club, 100 S Rampart Blvd, Westside, Las Vegas, NV 89145",6,1,4.0
493,QCxXYA13PtkD3wec47_r8Q,Primebar,AZ,"15037 N Scottsdale Rd, Scottsdale, AZ 85254",88,7,4.0
494,0JvCE6H-JG-bm2k-snur1A,Stella's Kitchen,AZ,"Tempe Marketplace, 2000 E Rio Salado Pkwy, Tempe, AZ 85281",9,1,3.0
495,6IRoWd6N__OVMNQfvu1Ccw,Yard House,NV,"11027 W Charleston Blvd, South Summerlin, Las Vegas, NV 89135",345,58,3.88
496,cuMMU10KaD0cZ2WdK5XC1A,Old Country Buffet,AZ,"9620 Metro Pkwy W, Ste 153, Phoenix, AZ 85051",20,7,3.43
497,tw6GRnK752GAl3ylfjuRuQ,Off the Strip Just Real Food,NV,"9837 W Tropicana Ave, Spring Valley, Las Vegas, NV 89147",47,11,4.09
498,KgTb63IZHFn_rhLG-cpm_A,Renegade Tap & Kitchen,AZ,"9343 E Shea Blvd, Scottsdale, AZ 85260",106,15,3.6
499,pXpjArpg7mdmn3ujSlFBUg,PT's,NV,"1281 S Decatur Blvd, Westside, Las Vegas, NV 89102",11,2,4.5
500,dVRRT0zVk8eFNx0Wv6gMmg,Chili's Grill & Bar,AZ,"3039 W Agua Fria Frwy, Phoenix, AZ 85037",6,1,4.0
501,xHI3saK0sAJEHeMK4IGVvg,Short Leash Dogs Food Truck,AZ,"110 E Roosevelt St, Phoenix, AZ 85004",259,15,4.8
502,cmv6wUUe-H0xRiFEY0__iQ,Graze,WI,"1 S Pinckney St, Capitol, Madison, WI 53703",370,38,3.87
503,fI47JKlBBwtqOgiZZb4hdQ,Peaks & Valleys Restaurant,AZ,"711 E Carefree Hwy, Phoenix, AZ 85085",26,7,4.0
504,nENrnY-3ILrH9yPXV4tqmg,Vatra,AZ,"3433 N 56th St, Phoenix, AZ 85018",20,7,2.86
505,_OYlq2UoKPQO_ElqhC3a8w,Lucky Strike,AZ,"50 W Jefferson St, Ste 240, Phoenix, AZ 85003",133,9,4.44
506,VcaZryq9wXA7Uy8U_RTYhw,The Brentwood Cafe And Tavern,NV,"7315 W Warm Springs Rd, Southwest, Las Vegas, NV 89113",70,13,3.23
507,PwxvN0SnAGPdqXdNEYVT3g,Bliss ReBAR,AZ,"901 N 4th St, Phoenix, AZ 85004",306,66,3.7
508,T1Ow8cCmbgSvKU9UP2zPLA,Courthouse Bar & Grill,NV,"330 S 3rd St, Downtown, Las Vegas, NV 89101",25,8,3.5
509,ECO2Bi8a8sPjW6f7JMbhdg,"Biscayne Steak, Sea and Wine",NV,"3801 Las Vegas Blvd S, The Strip, Las Vegas, NV 89109",65,2,4.5
510,hKmjsDS-nK-cPyUyix-PiQ,PT's,NV,"6570 S Buffalo Dr, Spring Valley, Las Vegas, NV 89113",44,5,4.2
511,neEGFNmmKibjExB4_215ZA,Brick,AZ,"The Arizona Ctr, 455 N 3rd St, Phoenix, AZ 85004",125,11,3.91
512,EIRuE6R4EWv8AwD5sleNaQ,9091,NV,"670 E Flamingo Rd, Eastside, Las Vegas, NV 89119",66,19,4.21
513,83sb0wFGPND90SZ5sYEcPA,Twisted Lizard Tavern & Grill,AZ,"10401 E McDowell Mountain Ranch Rd, Scottsdale, AZ 85255",46,4,3.25
514,8ybK693HDdSGs8EwGrfJCA,Presidio,NV,"2235 Village Walk Dr, Ste 141, Anthem, Henderson, NV 89052",67,18,3.0
515,6mAwrhtRksb5jxsJURtmxA,The Center Bistro,AZ,"21 E 6th St, Ste 114, Tempe, AZ 85281",21,2,3.5
516,qh455klme9unowV-BQol7w,Paradise,AZ,"1749 W Main St, Mesa, AZ 85201",9,1,5.0
517,Cm8adqSt3IZSmVLJRbNfyA,Addiction Restaurant,NV,"Rumor Hotel, 455 E Harmon Ave, Eastside, Las Vegas, NV 89169",52,8,4.0
518,-h-q6zTIdPlkz9BDP11sBg,Seasons 52,AZ,"2502 E Camelback Rd, Phoenix, AZ 85016",262,32,4.0
519,B1HTB6w695NqBmsE0P3abg,8 Seasons Grille,WI,"45 S Bassett St, Capitol, Madison, WI 53703",32,4,3.5
520,VwImfQqQfbUuUaj4aCN1rA,Pita Pit,WI,"449 State St B, Capitol, Madison, WI 53703",10,2,4.5
521,FK_jzgn-m43CMlgIijEdZg,Underground Kitchen,WI,"127 E Mifflin St, Capitol, Madison, WI 53703",32,3,4.33
522,Ntzv4OWdwq1lNW7lnTJoyg,PT's,NV,"3770 S Hualapai Way, South Summerlin, Las Vegas, NV 89147",21,2,4.5
523,coXomDOValXzks6BwMHG1A,The Living Room Wine Cafe & Lounge,AZ,"2333 N 7th St, Phoenix, AZ 85006",41,4,3.5
524,I4bSn5gXsHuSPu7L-d_8nQ,Beckett's Table,AZ,"3717 E Indian School Rd, Phoenix, AZ 85018",513,102,3.95
525,hlekz2L2HV8cVSEkgMvuEA,The House at Secret Garden,AZ,"2501 E Baseline Rd, Phoenix, AZ 85042",90,7,4.14
526,I1wKHeee3qnA8Io5xGaLjQ,Mood Restaurant,NV,"Artisan Hotel, 1501 W Sahara Ave, Las Vegas, NV 89109",36,2,3.0
527,6dLihxk39LdNnTC4JMbA0A,Alchemy Restaurant at CopperWynd Resort and Club,AZ,"13225 North Eagle Ridge Drive, Fountain Hills, AZ 85268",38,1,5.0
528,aYAlzKHwXQn6JNLweRnZjQ,Nacho Daddy,NV,"9925 S Eastern Ave, Anthem, Las Vegas, NV 89183",362,80,3.61
529,Zh_y9AmSfWZpR2JB9wye-A,True Food Kitchen,AZ,"15191 N Scottsdale Rd, Ste 100, Scottsdale, AZ 85254",432,53,3.91
530,klCQ1ytgmCgJ1KvlR5Y0_w,GreenMix,AZ,"2160 E Baseline Rd, Ste 128, Phoenix, AZ 85042",66,21,3.9
531,YJoph5UiUZ3BEb49vyFAuQ,Garage Wine and Tap,AZ,"1534 E Bethany Home Rd, Phoenix, AZ 85014",155,21,3.33
532,G_bvx3BjuoWr9A_zfdZ6IQ,PT's,NV,"812 W Ann Rd, Las Vegas, NV 89031",10,1,1.0
533,Dt8RITU4OmTbRaKKlZm_Pg,Sunshine and Spice,AZ,"2303 N 44th St, Phoenix, AZ 85008",9,4,4.0
534,ImJ7QAw6T6ayJT1AGr7OgA,Merchant Madison,WI,"121 S Pinckney St, Capitol, Madison, WI 53703",172,6,4.0
535,PNThcRNEFI3azvfhvhd_KA,I Love Burgers,NV,"The Palazzo, 3327 Las Vegas Blvd S, The Strip, Las Vegas, NV 89109",374,15,3.07
536,uYKwS-biARKgBkk5rY_PaQ,Twist by Pierre Gagnaire,NV,"Mandarin Oriental, 3752 Las Vegas Blvd S, The Strip, Las Vegas, NV 89158",144,4,4.25
537,EFLVfAlLigGlQRqbi2IfBg,Fit 2 Eat,WI,"3742 Speedway Rd, Madison, WI 53705",7,1,5.0
538,Q2jxycSUgHb8GkYV0LCX0g,Porktropolis,WI,"1112 N Bristol St, Sun Prairie, WI 53590",38,2,4.0
539,jRfdz5voj40P6WS9L54caw,The Herb Box,AZ,"Old Town Scottsdale, 7134 E Stetson Dr, Ste 200, Scottsdale, AZ 85251",377,39,4.08
540,GTAOZFZqZmis3TuM9H_t1w,43 North,WI,"108 King St, Capitol, Madison, WI 53703",63,5,3.8
541,qpo6O2Ozbrn8wFnoCM4slA,P.J. Clarke's New York Chophouse,NV,"The Forum Shops At Caesars Palace, 3500 S Las Vegas Blvd, The Strip, Las Vegas, NV 89109",238,16,3.81
542,Mie70jRF1hdVqiB7G_lIhg,Parc Central,AZ,"15323 N Scottsdale Rd, Scottsdale, AZ 85260",41,6,3.5
543,MuIXnv7Oq7X3-4aEsp9dDA,Citizen Public House,AZ,"7111 E 5th Ave, Ste E, Scottsdale, AZ 85251",760,113,4.2
544,g9XzAhPiS9DCYT4FbKPzZg,Grand Café,NV,"Sunset Station Hotel and Casino, 1301 W Sunset Rd, Henderson, NV 89104",46,9,2.78
545,ypEtwQHobNJCZvPONO38WQ,Litchfield's,AZ,"300 E Wigwam Blvd, Litchfield Park, AZ 85340",40,4,3.25
546,-lb5532P5eoxMadPPrZVXw,Wild Bull All American Pub and Grill,WI,"8240 Market St, Middleton, WI 53562",8,1,5.0
547,Xq9tkiHhyN_aBFswFeGLvA,The Arrogant Butcher,AZ,"2 E Jefferson St, Ste 150, Phoenix, AZ 85004",575,78,3.95
548,6h8uCL6lF_KJC0nfYiTBwg,The Verdict's Inn,NV,"801 Las Vegas Blvd S., Downtown, Las Vegas, NV 89101",11,1,4.0
549,GHYOl_cnERMOhkCK_mGAlA,Kitchen 56,AZ,"3433 N 56th St, Phoenix, AZ 85018",166,11,2.64
550,GYPHQGaB4Oeq9veH-p2nKA,Thirteen North,AZ,"1301 E Northern, Phoenix, AZ 85020",91,10,4.4
551,mVZe6Chq4EGCepva03vPBQ,Divine Cafe & Market at Optima,AZ,"7137 E Rancho Vista Dr, Scottsdale, AZ 85251",10,1,5.0
552,XZHlTIIuFkkv_zJzShV34g,En Fuego,AZ,"5401 N Scottsdale Rd, Scottsdale, AZ 85250",7,1,4.0
553,nZgYNbl1XlZyyKlISMoG6w,Sugar Factory American Brasserie,NV,"Paris Las Vegas Hotel, 3655 Las Vegas Blvd S, The Strip, Las Vegas, NV 89109",626,90,3.17
554,0yBs5wbVw9gTIDe9Z-rMTg,Bonfire Grill and Bar,AZ,"7210 E 2nd St, Scottsdale, AZ 85251",41,4,4.0
555,4r9-iKOagzn5oUvPE9Bz4Q,Province Restaurant,AZ,"333 N Central Ave, Phoenix, AZ 85004",131,12,3.58
556,Bm2PBs_AZEtx93zdtwqUJA,Urban Picnic,AZ,"218 W Main St, Mesa, AZ 85201",100,9,3.33
557,FURgKkRFtMK5yKbjYZVVwA,Windsor,AZ,"5223 N Central Ave, Phoenix, AZ 85012",550,82,4.43
558,34JQEZg9DgTpzZ8tnAw_CQ,Tony D's,NV,"1311 W Sunset Rd, Ste 105, Henderson, NV 89014",11,3,3.33
559,lTvW5TcIVIVNmE4_LYQ4eA,Wine 5 Cafe,NV,"3250 N Tenaya Ave, Ste 110, Northwest, Las Vegas, NV 89129",113,16,4.5
560,6BaQ2FZTDi2FYX9dIxWeJA,Steenbock's On Orchard,WI,"330 N Orchard St, South Campus, Madison, WI 53715",25,2,2.5
561,kgPjOtSeMd3CMdbnEmHbeQ,Majerle's Sports Grill,AZ,"4425 N Saddlebag Trl, Scottsdale, AZ 85251",71,9,3.44
562,T11YSYqwlRDC48V8-W1GRw,Café Allegro at MIM,AZ,"4725 E Mayo Blvd, Phoenix, AZ 85050",17,4,3.0
563,k_aOcqWOHWprjs7ykdzlAQ,Jose Roux,AZ,"3800 E Sky Harbor Blvd, Phoenix, AZ 85034",68,8,1.88
564,98Cs_twO8VAroN3oA5TkGw,Grand Café,NV,"Boulder Station Hotel & Casino, 4111 Boulder Highway, Las Vegas, NV 89121",29,4,3.5
565,OWBd-CAE_H7UqpxRJCmuiw,Mumbles Place,AZ,"6149 N Scottsdale Rd, Scottsdale, AZ 85250",14,3,2.0
566,tXydHtnQ2sU37kXy30CBLw,Double Helix,NV,"6599 Las Vegas Blvd S, Ste 150B, Southeast, Las Vegas, NV 89119",144,1,3.0
567,Ba3-fDVhzLahunTUEMTsKg,Carlos' Kitchen,NV,"Spectators Bar, 4140 S Durango Dr, Spring Valley, Las Vegas, NV 89147",126,46,4.48
568,211DetkFdxd8sQ54CMU35A,Smashburger,AZ,"2000 E Rio Salado Pkwy, Ste 1155, Tempe, AZ 85281",69,14,3.71
569,Kj2SCzhHuULRdTKg6Y2aeg,Betty's Nosh,AZ,"Denaro 101 Plz, 6685 W Beardsley Rd, Ste 180, Glendale, AZ 85308",128,16,3.0
570,vwh496Ag4oRFgR6Dw3Hilg,Technique Restaurant,AZ,"4301 N Scottsdale Rd, Scottsdale, AZ 85251",10,2,3.5
571,ogfRcEN46rhAth7550bkYw,3rd Place Neighborhood Grill,AZ,"15814 N 83rd Ave, Peoria, AZ 85382",15,4,4.5
572,UtbvcvXWLCZX75g_KtMW2A,Saddle Bronc Grill,AZ,"11056 N Saguaro Blvd, Fountain Hills, AZ 85268",36,10,4.0
573,C51teWZIJIEGVYFTijaw_w,Chick-fil-A,AZ,"905 N Dobson Rd, Mesa, AZ 85201",19,9,4.44
574,oJbTdA12FozyXISmBx7WAQ,The Canyon,AZ,"16203 N Scottsdale Rd, Scottsdale, AZ 85254",6,1,4.0
575,qth1W742hXtFoNVYvuHBEg,The Martini,NV,"1205 S Fort Apache Rd, Westside, Las Vegas, NV 89117",94,14,3.86
576,USyDC-cZCexcyNGrc8uiag,Red Velvet Café,NV,"Fashion Show Mall, 3200 Las Vegas Blvd, Ste1850, The Strip, Las Vegas, NV 89109",147,34,3.88
577,AeMfb2FtQNnPXE9n92MDww,Coach & Willie's,AZ,"1 E Boston St, Chandler, AZ 85225",108,7,3.0
578,rPp509oz4oFEdncoo7v_HA,Burgers & Bottles,AZ,"1645 N Hayden Rd, Scottsdale, AZ 85257",34,4,4.0
579,fP-BPL6iRu2tbcvlnjRshw,Copper Blues,AZ,"50 W Jefferson St, Ste 200, Phoenix, AZ 85003",209,8,3.75
580,NqiMymQO86d7O60LDArA9Q,Harry's,NV,"8 Strada di Villaggio, Henderson, NV 89011",31,3,2.33
581,peajBNcZmTDlwwST0LdMdQ,Cino's,NV,"72 W Horizon Ridge Pkwy, Ste 105, Henderson, NV 89012",25,16,3.56
582,ZVu400Wt7VKU5SdKwUR9lA,Zoës Kitchen,AZ,"7135 E Camelback Rd, Ste 165, Scottsdale, AZ 85251",93,40,4.0
583,ZzM6aBJXfogx26h-50_SIQ,Steelz,NV,"4401 E Sunset Rd, Henderson, NV 89014",11,2,4.0
584,AVQMHeyByhkkYEeDbH9HbQ,Country Boys Restaurant,AZ,"3202 E Greenway Rd, Phoenix, AZ 85032",30,4,3.25
585,WD5l9HdTjDbqPRocncCrEQ,BJ's Restaurant & Brewhouse,NV,"5881 Centennial Center Blvd., Centennial, Las Vegas, NV 89149",153,17,3.53
586,GRFunGSUZxXqNCZJrN8Oow,Ncounter,AZ,"310 S Mill Ave, Ste A101, Tempe, AZ 85281",309,11,3.73
587,_GOIj0h72Ji2u3vCt1untA,Spicy Pickle,NV,"7271 Amigo St, Ste 180, Southeast, Las Vegas, NV 89119",47,8,3.12
588,jkULHBAZBM3s5DQJkM-6RA,Arizona Frybread,AZ,"1473 N Dysart Rd, Avondale, AZ 85323",34,8,2.62
589,MRObvlfMLEhz9szPTMkGwQ,The Rigby,WI,"119 E Main St, Capitol, Madison, WI 53703",25,2,3.0
590,8n_YaIqhFivUDUxVuaoKDw,Limelight Dipping Bar And Grill,AZ,"4218 N Scottsdale Rd, Scottsdale, AZ 85251",25,3,3.33
591,s93PtWxihLbhK5Jg_FttzA,Hash House A Go Go,NV,"Plaza Hotel and Casino, 1 S Main St, Downtown, Las Vegas, NV 89101",244,76,3.58
592,Gvw2ewUbqq7PWkxKwjqifA,The Barrymore,NV,"99 Convention Center Dr, The Strip, Las Vegas, NV 89109",487,36,4.08
593,5dSQ1KV9HkbZm0ZmJHuMKA,Embers,NV,"740 S Rampart Blvd, Ste 7, Westside, Las Vegas, NV 89145",125,25,3.84
594,BAbYfKQaQImLil6xqaOFyA,EggsTc,AZ,"20852 E Ocotillo Rd, Queen Creek, AZ 85142",39,3,4.67
595,ZiAmyZ0Mt5y781oYE7PjyA,DQ Grill & Chill,NV,"560 E Windmill Ln, Southeast, Las Vegas, NV 89123",17,2,4.0
596,FKgHfvus9DiBWxqMmnEqYA,Milagros Restaurant,AZ,"2100 S Priest Dr, Tempe, AZ 85282",4,1,4.0
597,MikwfuKo3AvdRaM97SQVzg,Grand Café,NV,"Texas Station Gambling Hall & Hotel, 2101 Texas Star Ln, Northwest, North Las Vegas, NV 89130",21,5,2.2
598,7aS0iFpab3XHFQrRGMOKXw,Pita Jungle,AZ,"2530 W Happy Valley Rd, Ste 1261, Phoenix, AZ 85085",83,18,3.94
599,7tTK3VPlFtBGBHm8-LZIUg,Timo Wine Bar,AZ,"8801 N Central Ave, Phoenix, AZ 85020",143,19,3.89
600,7eUFOcfxuXDdrHGVSp3_9A,Herb 'n Flavors,AZ,"1845 E Broadway Rd, Tempe, AZ 85281",142,33,3.91
601,GuI460v9AlhHIqArL32i9Q,Garden Grille & Bar,AZ,"11460 W Hilton Way, Avondale, AZ 85323",4,1,5.0
602,4buhMysOQJBM6dHx7TxuUw,The Egg and I,WI,"2501 W Beltline Hwy, Ste 111, Madison, WI 53713",29,2,4.0
603,OAyA2ogCSAn8UHcI9UuQ_w,Divine Cafe at the Springs Preserve,NV,"333 S Valley View Blvd, Westside, Las Vegas, NV 89152",31,3,3.67
604,EQxbEKkHxNvRT_-S5A-Gcw,Greens and Proteins,NV,"8975 S Eastern Ave, Southeast, Las Vegas, NV 89123",320,40,3.98
605,M75Mj9JwbL_2dDsyXQiUSw,Cave Creek Tap Haus,AZ,"6900 E Cave Creek Rd, Cave Creek, AZ 85331",62,6,2.33
606,FCcFT610nQBVcRdY-devQA,Vintage 95,AZ,"95 W Boston, Chandler, AZ 85225",150,3,5.0
607,wNsmt1hF1uv3YvbwXZMAoQ,O.H.S.O. Eatery + nanoBrewery,AZ,"4900 E Indian School Rd, Phoenix, AZ 85018",463,23,4.26
608,B3X4Cbty1G_m9abGL47sQw,I Love Burgers,NV,"6569 S Las Vegas Blvd, Ste 176, Southeast, Las Vegas, NV 89119",188,13,2.69
609,qyqOfpsAC5ooVROm7fB0jQ,Old Town Whiskey,AZ,"4000 N Drinkwater Blvd, Scottsdale, AZ 85251",40,2,4.0
610,mggmWBv-RHAL6iCdwRGP5Q,Soul Cafe,AZ,"7615 E Pinnacle Peak Rd, Scottsdale, AZ 85255",84,17,3.65
611,Emdq2gs-xyTWTPbCbAk79w,Lynyrd Skynyrd BBQ and Beer,NV,"3850 Las Vegas Blvd S, Eastside, Las Vegas, NV 89109",37,6,3.0
612,lQSMn_SAIy5aBEKkqRtVYw,Baja Loco Mesquite Grill & Cantina,AZ,"3222 E Indian School Rd, Phoenix, AZ 85018",17,4,4.25
613,0CeEgarUoVP2Nq9s1Mn0Aw,Mad Dog Saloon,AZ,"1860 S Stapley Dr, Mesa, AZ 85204",54,4,2.75
614,zK3rCrFE_cgXCr9mDHBdXw,Urban Heat,AZ,"1749 W Main St, Mesa, AZ 85201",3,1,5.0
615,EcUM3ONkY1RUCB1R1_4FrA,Daily Kitchen and Wellness Bar,NV,"3645 S Town Center Dr, Ste 102, South Summerlin, Las Vegas, NV 89135",74,19,3.37
616,_jbeTDw6XSuvLaR1V_z8jw,Copper Plate An American Grill,AZ,"6033 S Sossaman Rd, Mesa, AZ 85212",5,1,4.0
617,_TiX1DgK-5KGPp1Wwez95w,Marley's Restaurant & Bar,AZ,"15226 W Bell Rd, Surprise, AZ 85374",47,4,4.75
618,3wLLf8wRqD1ZQowi9aZSoA,Grassroots Kitchen & Tap,AZ,"8120 N Hayden Rd, Ste E-100, Scottsdale, AZ 85258",183,29,4.31
619,bd7NnJE9b6dmmVVrD6hZuw,Tower Suite Cafe,NV,"3131 Las Vegas Blvd S, The Strip, Las Vegas, NV 89109",9,1,4.0
620,5o5MLNPmAeakGgdqeGyMvw,Cask 63,AZ,"8877 N Scottsdale Rd, Ste 402, Scottsdale, AZ 85258",79,5,4.6
621,xY5BFKQFo5iLDhXxihkduQ,Pollo Sabroso,AZ,"1602 E Jefferson St, Phoenix, AZ 85034",3,1,5.0
622,CEswyP-9SsXRNLR9fFGKKw,Twin Peaks,AZ,"8787 E Frank Lloyd Wright, Scottsdale, AZ 85260",150,15,3.13
623,b1rF_Y3xbdPwP_z9NHFMjQ,Zulu Caffe,AZ,"15000 N Airport Dr, Ste 100, Scottsdale, AZ 85260",59,5,4.4
624,EHIZFzQQ_mjzwyjcaToPtQ,Tom's Thumb Fresh Market,AZ,"9393 E Bell Rd, Scottsdale, AZ 85260",230,29,4.34
625,KT_r7qwU8sSfcR31zETGkg,Smashburger,AZ,"9918 W Happy Valley Rd, Suite 1030, Peoria, AZ 85383",34,3,4.33
626,fWPg3tjv0hZ_yKR670UtSQ,Sports Grill 101,AZ,"8763 E Bell Rd, Scottsdale, AZ 85260",11,1,5.0
627,1uU4oO_oKV50X52w2fTTNg,Devil Hotz,AZ,"7620 E Mckellips Rd, Ste 14, Scottsdale, AZ 85257",8,3,2.0
628,YTOU3COVuBdABXb3Wci_IA,The Scottsdale Salad Co.,AZ,"15040 N Northsight Blvd, Scottsdale, AZ 85260",18,5,2.6
629,shpgZ07M-IBDwjz2cpjWiA,Calistro California Bistro,AZ,"6107 N Scottsdale Rd, Ste 110, Scottsdale, AZ 85250",43,4,3.5
630,3wtRs_Ou0wingfANRnHBIA,Courtyard Grill & Buffet,NV,"301 Fremont St, Downtown, Las Vegas, NV 89101",4,1,1.0
631,_9TMkGfbOyniL-5P3Sx0nw,Fritzs Footlong Bar & Grill,AZ,"1734 E Main St, Ste 5, Mesa, AZ 85203",6,1,5.0
632,a12JKFiqBVyaUfTWNaAzQQ,Atl Wings,AZ,"70 W Warner Rd, Ste 100, Chandler, AZ 85225",128,18,4.28
633,5niUestkeI0tBcBAv4SyKw,Pita Jungle,AZ,"4921 E Ray Rd, Ste B2, Phoenix, AZ 85044",116,35,4.11
634,JqEuOIuAlx_aRuWedSr9dg,Flight Lounge + Bistro,AZ,"4252 N Drinkwater Blvd, Scottsdale, AZ 85251",7,1,2.0
635,Dm5K0Zvw8mqrps-jFjgIaw,Palette,AZ,"1625 N Central Ave, Phoenix, AZ 85004",21,6,4.17
636,MLAnvEcvDfOWELHUN_0xEw,Nimbus American Bistro N' Brewery,AZ,"7001 N Scottsdale Rd, Ste 147, Scottsdale, AZ 85253",86,11,2.73
637,uU7lkNVC-XddrIPol6wbSA,Flavor Flav's House of Flavor,NV,"3333 S Maryland Pkwy, Eastside, Las Vegas, NV 89169",57,47,2.64
638,YJwtYZ17Dm11H0y9VoudHA,Lobster Chowder Company,NV,"3500 S Las Vegas Blvd, The Strip, Las Vegas, NV 89109",23,2,3.0
639,AYS-3osDnQd1M304TlGOaQ,Urban Grill,NV,"9510 S Eastern Ave, Southeast, Las Vegas, NV 89123",48,9,2.33
640,8Fx-K9dIZz_buBZcEvkeRw,Social Tap,AZ,"7318 E Stetson Dr, Scottsdale, AZ 85251",28,2,2.5
641,rVrpTOznd_NjplDvSK8OfQ,RePete's,NV,"2460 W Warm Springs Rd, Southeast, Las Vegas, NV 89119",89,9,4.67
642,Vn438iBACx-giGy4E4SuFQ,Goto Pares Atbp,NV,"1428 E Charleston Ave, Downtown, Las Vegas, NV 89104",4,1,5.0
643,h9lt3CQuMzz-klZdIXIIHA,DT's Filipino Food & Karaoke,NV,"7320 S Rainbow Blvd, Southwest, Las Vegas, NV 89118",100,8,3.0
644,EXtCgZoxHNjXrqPCFOgQmQ,D'lish,AZ,"1135 E Apache Blvd, Tempe, AZ 85281",87,5,3.4
645,xOlzK02DWzETeZ8HbiEB0A,Praying Monk,AZ,"7217 E 1st St, Scottsdale, AZ 85251",97,17,3.65
646,yiA41pT7DYa4-aX9i0E_Xg,Vasilis' Take Five: Vittles & Vices,WI,"901 Williamson St, Williamson - Marquette, Madison, WI 53703",22,2,2.5
647,teuMyRZIPurYkSLMCEzLyw,Graze Desert Grille,AZ,"7677 E  Princess Blvd, Scottsdale, AZ 85255",11,2,3.5
648,iJoOddOUDpJISnQxzcDw9Q,JD's,WI,"317 N Bassett St, Capitol, Madison, WI 53703",4,2,3.5
649,XGUrSgfo-ZN9Ib1pIPU-SQ,Uptown Alley,AZ,"13525 N  Litchfield Rd, Surprise, AZ 85379",70,2,5.0
650,nGRwQoNA5CT520hZmDuCDQ,Green Valley Ranch Grand Cafe,NV,"2485 Village View Dr, Anthem, Henderson, NV 89052",38,4,3.0
651,5-pCgZuFz1ru54RHAfSvsw,Wildburger,NV,"2800 S Rancho Dr, Las Vegas, NV 89102",13,2,4.0
652,v7OwbHgNgy_VQ9eP5FjvUA,Rehab Burger Therapy,AZ,"7210 E 2nd St, Scottsdale, AZ 85251",481,29,4.55
653,kr3EFhoSwbJPrL_e_RD39g,Blue Hound Kitchen & Cocktails,AZ,"2 E Jefferson St, Phoenix, AZ 85004",206,6,3.0
654,S8pptjMpmKGKrJ8yAmq-Zg,Kelly's At Southbridge,AZ,"7117 E 6th Ave, Scottsdale, AZ 85251",112,11,4.09
655,eG3Kxpv-JOLib9o5W9Aiyw,A Pig In a Fur Coat,WI,"940 Williamson St, Williamson - Marquette, Madison, WI 53703",125,9,4.0
656,XRdwAqzuG_SwVFFlOzLmEQ,Red Embers Bar & Grill,AZ,"Uptown Alley, 13525 N Litchfield Rd, Surprise, AZ 85379",14,1,3.0
657,zPHXmaVhEr4FzfB8r-EcjQ,Detours Tavern,AZ,"2922 N Hayden Rd, Scottsdale, AZ 85251",28,4,4.75
658,CMaJOgyFrX6gVsJGm1bttw,Cafe Zupas,AZ,"21001 N Tatum Blvd, Ste 34-110, Phoenix, AZ 85050",61,24,3.04
659,c5vw2szmGbzP76qiw5WsxA,Harvey American Public House,AZ,"1524 E Williams Field Rd, Ste 101, Gilbert, AZ 85295",125,16,3.06
660,MEKk3J63dU3GBDg9SHuq7A,Lustre Bar,AZ,"2 E Jefferson St, Phoenix, AZ 85004",87,2,5.0
661,XPTBPFBwjvF7rJfUa-wG5g,Angela's Kitchen,AZ,"19900 N Remington Dr, Surprise, AZ 85374",21,2,2.5
662,UIjO8lq1Lh0H2l9VfIfifQ,Forequarter,WI,"708 E Johnson, Tenney - Lapham, Madison, WI 53703",102,5,4.8
663,GU3GGuECUTbHG8NPHXG9mQ,Searsucker,AZ,"6900 E Camelback Rd, Scottsdale, AZ 85251",155,26,3.42
664,aZe9f7korrhFTNMPxVbMXA,Vaquero's Carne Asada,AZ,"3414 N 24th St, Phoenix, AZ 85016",5,1,4.0
665,FDXk2MDLPf72uEDT6Bq1Mw,Twin Peaks,NV,"3717 Las Vegas Blvd., Ste 285, The Strip, Las Vegas, NV 89109",117,18,3.22
666,99d6qbFGTRR5oEIy5m-NCQ,Carl's Jr,AZ,"21064 E Ocotillo Rd, Queen Creek, AZ 85142",5,1,5.0
667,a1RJtImq30iLs4oxM--QKA,The Free House Pub,WI,"1902 Parmenter St, Middleton, WI 53562",43,6,2.83
668,57vXy5NIdmAFk1hhmsBLcg,Fat Bar,NV,"3763 Las Vegas Blvd S, The Strip, Las Vegas, NV 89109",7,1,4.0
669,hnKSsx218Bh9qxvRppdxjA,Bistro95Ten & Lounge,NV,"9510 S Eastern Ave, Southeast, Las Vegas, NV 89123",7,1,5.0
670,6sdQia-wdURZexBcw1rbzQ,Sevens' bistro,AZ,"7707 E Mcdowell Rd, Scottsdale, AZ 85257",57,6,2.83
671,wQxIw6IoFCV6wg3l3dJugQ,Fat Willy's Clubhouse Pub & Grill,AZ,"650 N Hawes Rd, Mesa, AZ 85207",6,1,3.0
672,OSsueRKTxM0MEbgIRsUebA,Taps Signature Cuisine & Bar,AZ,"9780 W Northern Ave, Ste 1110, Peoria, AZ 85345",38,6,4.5
673,RzVwAdOxT9JQkeoeBMYPoQ,Sierra Gold,NV,"2400 N Buffalo Dr, Suite #125, Summerlin, Las Vegas, NV 89128",30,4,3.25
674,eO-o7FRjNEzcSEG8pakkzA,Fate Brewing Company,AZ,"7337 E Shea Blvd, Ste 105, Scottsdale, AZ 85253",154,2,5.0
675,XeFqy8LRjReBDzeX_pAUjw,Fracos & Froccs,NV,"6593 Las Vegas Blvd S, Unit B155, Southeast, Las Vegas, NV 89119",11,1,2.0
676,9XOzi2IIibwtnGOvtdDpjA,Presto Cafe,NV,"4950 S Rainbow Blvd, Ste 130, Spring Valley, Las Vegas, NV 89118",164,21,4.57
677,zj0BkAi54BGU_AK6AyvJDQ,Rusconi's American Kitchen,AZ,"10637 N Tatum Blvd, Phoenix, AZ 85028",172,20,4.7
678,oMEwxzRcfSuO1jekYNljSw,Market Street Kitchen,AZ,"20825 N Pima Rd, Scottsdale, AZ 85255",68,4,1.75
679,qbEJeRvytnBo5BGG1R5kGg,Daily Dose Midtown,AZ,"1928 E Highland Ave, Ste F-107, Phoenix, AZ 85016",129,12,3.58
680,ZP6qFq7LUh6Tr7WHPoOW6g,eat.,NV,"707 Carson Ave, Downtown, Las Vegas, NV 89101",650,156,4.06
681,l0QcbMRUqVkX2sUXS-LYhQ,"Nick's Diner II, LLC",AZ,"14010 N Litchfield Rd, Surprise, AZ 85379",39,5,4.0
682,cwAd2nytPLKmABtLXsgpIw,Culinary Dropout,NV,"Hard Rock Hotel & Casino, 4455 Paradise Rd, Eastside, Las Vegas, NV 89169",287,77,3.77
683,41j3GB7M-Lwq284Pfb9zgw,Angels Trumpet Ale House,AZ,"810 N 2nd St, Phoenix, AZ 85004",349,14,4.07
684,Q5ZD7ZAs96NAVblFDV476g,TQLA,AZ,"1840 S Val Vista Dr, Mesa, AZ 85204",105,19,3.63
685,SsL60j4ut59-v-gjmM5PKQ,The Grind,AZ,"20511 N Hayden Rd, Scottsdale, AZ 85255",56,3,2.33
686,po98_MmbuoJHKgDZTn9AkQ,Cowboy Lookout Grill,AZ,"1606 E Bell Rd, Paradise Valley, AZ 85022",14,2,2.5
687,eXaVJc5GMIjYEUjbrc13FA,The House Brasserie,AZ,"6936 E Main St, Scottsdale, AZ 85251",172,22,4.09
688,E0qnH8iICrj6C4ERcT4cJw,Firehouse Tempe,AZ,"4 E University Dr, Tempe, AZ 85281",43,3,3.67
689,setfRzkAcOPxKH5TZLTqJQ,Olive & Ivy,AZ,"3400 E Sky Harbor Blvd, Ste 3300, Phoenix, AZ 85034",38,2,3.5
690,SGGZ6l345YTww09IHxtoew,Ezekiel's Restaurant,AZ,"4825 E Warner Rd, Phoenix, AZ 85044",75,54,3.98
691,5yDWNMFglisReWoTykOTRg,Gates & Brovi,WI,"3502 Monroe St, Dudgeon-Monroe, Madison, WI 53711",66,9,3.0
692,6GnJUbiq73xm24F7SixI9g,Honeycutt Coffee,AZ,"109 W Honeycutt Rd, Maricopa, AZ 85138",20,1,5.0
693,86fq6mtHmd6VL8GROG4vSQ,Tavern Americana,AZ,"20469 N Hayden Rd, Scottsdale, AZ 85255",44,6,3.67
694,LsNAb1Q2tsb3TlkKOC_NRw,Meat And Three,NV,"10890 S Eastern Ave, Ste 108, Anthem, Henderson, NV 89052",62,34,4.35
695,ytKoF3d0XQGt5Va8ru0GMQ,Cactus Moon,AZ,"1269 N Promenade Pkwy, Ste 121, Casa Grande, AZ 85194",15,3,3.33
696,eD2np2oaT6GOoa4H2FUiaQ,Grill 55,NV,"Renaissance Las Vegas, 3400 Paradise Rd, Eastside, Las Vegas, NV 89109",16,1,3.0
697,c9wKRLG8MmJVdFIx9qtgfA,Meatball Spot,NV,"6605 Las Vegas Blvd, Ste 145, Southeast, Las Vegas, NV 89119",191,33,3.06
698,25fxw_jOqZtJwl18cCarIA,Honey Salt,NV,"1031 S Rampart Blvd, Westside, Las Vegas, NV 89145",496,167,3.95
699,I4vC08JXAFjXszUZAszh2Q,Native Grill & Wings,AZ,"7322 W Bell Rd, Glendale, AZ 85308",37,8,2.0
700,QyUUk1q6X6zmblgoFViVNA,S2pizzabar,WI,"558 State St, Capitol, Madison, WI 53703",15,1,5.0
701,HrSowDDXw71VD_d-4g7I5g,The Yard,AZ,"5632 N 7th St, Phoenix, AZ 85014",263,24,3.29
702,LHDdVzvX1q_LWfIwTU8fHg,347 Grill,AZ,"16000 Maricopa Rd, Maricopa, AZ 85138",23,2,1.0
703,cQv5KzMRFcLULmVnVZnG2g,Marie Callendars,NV,"600 E Sahara Ave, Downtown, Las Vegas, NV 89104",7,3,4.33
704,rluuxDPHiP9Z4qtNO66eTw,Daily Bistro,AZ,"5053 N 44th St, Phoenix, AZ 85018",25,2,4.5
705,5npcHq7cvdJlgQen_1n80Q,Ling and Louie's Kitchen,AZ,"2502 E Camelback Rd, Phoenix, AZ 85016",47,10,3.8
706,cuLVubarNFQ7VjpT5k7DEQ,D'Lish Cafe,AZ,"503 W Thomas Rd, Phoenix, AZ 85013",35,11,4.55
707,1cCF9wHMJIaaQmj7wqRqMg,The Nile Cafe,AZ,"7051 E McDowell Rd, Scottsdale, AZ 85257",5,2,3.5
708,mqLIvIVWmV00VWo3L5pj3Q,Cowboy Ciao,AZ,"3800 E Sky Harbor Blvd, Ste 4348, Phoenix, AZ 85034",86,5,4.2
709,VbiAfJRchFaMYdqylVJB4A,Pick Up Stix,NV,"Excalibur Castle Walk Food Court, 3850 S Las Vegas Blvd, The Strip, Las Vegas, NV 89109",11,5,1.8
710,XYJsNiECY0Z-fV6rejvprQ,She by Morton's,NV,"3720 S Las Vegas Blvd, The Strip, Las Vegas, NV 89158",81,3,3.67
711,G149aO4XXAKBsUcksvuI7g,Original ChopShop Co.,AZ,"7158 E 5th Ave, Scottsdale, AZ 85251",228,39,4.41
712,uyEUL3Oskfa1fOYCksyM8A,Citizens Kitchen & Bar,NV,"3950 Las Vegas Blvd, The Strip, Las Vegas, NV 89119",234,29,3.38
713,cSA2pB43cv71ffdIvaEodA,Cafeteria on Thomas,AZ,"507 W Thomas Rd, Ste 4, Phoenix, AZ 85013",29,4,4.25
714,Kxp8cIMt3-vxwtCSsL9QKQ,Fat Choy,NV,"Eureka Casino, 595 E Sahara Ave, Eastside, Las Vegas, NV 89104",198,16,4.25
715,OFI8tngHQ3UWw-fCLmDv5Q,Barrel Grill & Modern Saloon,AZ,"15703 N 83rd Ave, Peoria, AZ 85382",42,10,3.0
716,83RLRT-MsvXQJrmIanqVYA,Spokes On Southern,AZ,"1470 E Southern Ave, Tempe, AZ 85282",88,1,4.0
717,4Y9-JiDz9EVR_-UkUv4dYg,Culinary Dropout,AZ,"5632 N 7th St, Phoenix, AZ 85014",135,17,3.82
718,828CmrhMEUwSzrvZAlJ_LA,Remiix,NV,"1801 E Tropicana Ave, Ste 2, Eastside, Las Vegas, NV 89119",24,2,4.0
719,5ALqZbLAonfCRZMY-X_MyQ,Mayo Clinic Hospital Cafeteria,AZ,"5777 E Mayo Blvd, Phoenix, AZ 85054",10,1,5.0
720,shvwb7FSRbG8KQvIj4FIQQ,Which Wich,AZ,"7635 W Bell Rd, Ste 102, Peoria, AZ 85382",23,1,4.0
721,s9sTtT5tlqAMgR4gYvLogA,Chili's Grill & Bar,AZ,"3045 W Agua Fria Fwy, Phoenix, AZ 85027",7,1,3.0
722,Bw1X7qcWTUHvKJyUN7h94Q,Taps Signature Cuisine & Bar,AZ,"1010 Southern Ave, Mesa, AZ 85204",8,1,3.0
723,TgIJfXqEKE-JsD0QUoaC5Q,Spoke & Wheel,AZ,"8525 N Central Ave, Phoenix, AZ 85020",86,7,4.14
724,82yh4-ZTPaBaKFFgY5kuzA,Greens and Proteins,NV,"9809 W Flamingo Rd, Spring Valley, Las Vegas, NV 89147",157,22,4.05
725,heyprN6HwLYVWINXd2z3OQ,Biscuits Café,AZ,"19420 N 59th Ave, Glendale, AZ 85308",54,1,3.0
726,nUUYvBafHYH-O4Pht6lgsw,Salad and Go,AZ,"743 N Gilbert Rd, Gilbert, AZ 85234",80,19,4.21
727,H8p9e4yYz464awT3P7b1mA,Heraea,NV,"4381 W Flamingo Rd, Las Vegas, NV 89103",25,6,3.5
728,6VsKUNttbfmkWwz3S3SX_g,Freddy's Frozen Custard and Steakburgers,AZ,"14029 W Waddell Rd, Surprise, AZ 85379",41,2,3.5
729,-O7Szp08dATVv71IuDt1bA,Times 3 Sports Grille,AZ,"6525 W Happy Valley Rd, Glendale, AZ 85310",30,2,2.5
730,aNuyJOFNrb-d71amzPpxlw,Twin Peaks,AZ,"2135 E. Camelback Rd., Phoenix, AZ 85016",62,11,3.36
731,UkZ5mAzll7d3Hw0UfeAJKQ,Pizza Ranch,WI,"660 S Grand Ave, Sun Prairie, WI 53590",18,11,2.55
732,RSTKhE2C2RaWTsEJ3ULvKw,Wild Side Grill,AZ,"7215 S Power Rd, Ste 107, Queen Creek, AZ 85142",39,4,3.75
733,leEhsPA6NKRZ0CAKdmJwWQ,Vic's,NV,"2450 Hampton Rd, Anthem, Henderson, NV 89052",46,6,3.83
734,MthnswWexrUtCzH3vS5YnQ,Hi Fi Kitchen & Cocktails,AZ,"4420 N Saddlebag Trl, Scottsdale, AZ 85251",105,2,3.5
735,uCZe5GLqTeadjTLlvWNF4w,Fountains Brunch,NV,"Bellagio Las Vegas, 3600 Las Vegas Blvd, The Strip, Las Vegas, NV 89109",3,1,3.0
736,FMlrPWRNuvPx_Af5VameQg,Centurian Club By American Express,NV,"6075 Spencer St, Southeast, Las Vegas, NV 89119",15,1,5.0
737,SGrwpoGhLrHrBLWDwOL6eg,Moonshine Whiskey Bar & Grill,AZ,"410 S Mill Ave, Tempe, AZ 85281",39,1,5.0
738,_3R0ELm45KHRb52rAilyOw,Pecan Grove Restaurant and Pie Co.,AZ,"4960 S Alma School Rd, Chandler, AZ 85248",51,7,2.0
739,lsF6bbPFM7USmiSIyOaCXA,Barrelhouse American Kitchen & Cocktails,AZ,"2050 N Alma School Rd, Ste 8, Chandler, AZ 85224",148,9,3.78
740,WjtJAtp19nA61b8LT9uLrA,Bink's Midtown,AZ,"2320 E Osborn Rd, Phoenix, AZ 85016",136,16,3.62
741,jiWAo2z_seY5pQwhzrJiYA,EVO,AZ,"4175 N Goldwater Blvd, Scottsdale, AZ 85251",175,12,4.42
742,itFwrNtjrQL5NPMYTeD44g,Park on Fremont,NV,"506 Fremont St, Downtown, Las Vegas, NV 89101",285,68,3.72
743,JQVAU-HWBnrBGpGB6OvFfg,Mesquite Grille,AZ,"10690 E Sheena Dr, Scottsdale, AZ 85255",17,3,3.33
744,ZHPRAv3k2q662Q8Qj6zByg,Chick-Fil-A,AZ,"5035 E Ray Rd, Phoenix, AZ 85044",14,5,4.4
745,RejTcczJRLYTnbmKihNpyA,The Western,AZ,"6830 E 5th Ave, Scottsdale, AZ 85251",37,5,3.8
746,sWvfFtgSQCALAE_yPYVaTA,Little Cleo's Seafood Legend,AZ,"5632 N 7th St, Ste 120, Phoenix, AZ 85014",82,3,5.0
747,tkEqWNNhKHXEHJbUJ6HZfg,Flora House Cafe,AZ,"6922 N 95th Ave, Ste 200, Glendale, AZ 85305",14,2,4.5
748,QWoHG5ttj3cLuSVJ6LnkPg,Frankie & Benny's,EDH,"South Gyle, South Gyle, Edinburgh",3,1,2.0
749,4dB7kQ7qtTkW2v7DX38r_w,Dierks Bentley's Whiskey Row,AZ,"4420 N Saddlebag Trl, Ste 105, Scottsdale, AZ 85251",105,15,4.0
750,SfVsLCVap7VlF3GLUI8PlQ,RBG Bar & Grill,AZ,"427 N 44th St, Phoenix, AZ 85008",3,1,5.0
751,3OB5gQqibKGTzx9R1w7wKQ,SkinnyFATS,NV,"6261 Dean Martin Dr, Las Vegas, NV 89118",394,82,4.24
752,OlKX_FAE38BjfKsyjLQF5A,Burger Brothers,NV,"9111 Las Vegas Blvd S, Southeast, Las Vegas, NV 89123",34,5,4.4
753,BaO1s7SEdRuO4pgtOnrRtA,Potato Corner,NV,"4300 Meadow Ln, Westside, Las Vegas, NV 89107",10,3,4.33
754,h7R_IMg3nss8I5nV7sbmfg,Nacho Daddy,NV,"113 N 4th St, Downtown, Las Vegas, NV 89101",85,14,3.86
755,eopVWkFQ_AB53m_17bCl-Q,Renegade by MOD,AZ,"9343 E Shea Blvd, Scottsdale, AZ 85260",51,3,2.0
756,jXwMec7aDs_hXKhSUvBHfw,Greek Grill & Fry Co.,AZ,"4929 W Ray Rd, Chandler, AZ 85226",20,6,3.67
757,grjeZhCQt_C72ZTPQtD4gA,Ogden's Hops and Harvest,NV,"450 S Rampart Blvd, Ste 120, Westside, Las Vegas, NV 89145",71,15,3.67
758,XQ3JL3uvqeMeDIl2qJ_Igg,Basil Thai Fusion,NV,"4341 N Rancho Dr, Northwest, Las Vegas, NV 89130",16,8,3.62
759,eEU1XtdASLqdAGKg0QDNdg,Original ChopShop Co.,AZ,"222 E University Dr, Tempe, AZ 85281",87,15,4.2
760,pVnUE5EeIaIbjXzaH7sLyw,The Attic,AZ,"4247 E Indian School Rd, Phoenix, AZ 85018",86,3,4.67
761,jS3cHd1E5TuUZbQWpBZqVg,McFadden's Restaurant and Saloon,NV,"6593 Las Vegas Blvd S, Ste 222, Southeast, Las Vegas, NV 89119",118,10,1.4
762,xOy3lZcDvGp40BI5x-PR9w,The Sparklings,NV,"8310 S Rainbow Blvd, Ste 100, Southwest, Las Vegas, NV 89139",178,17,4.41
763,dHDJmPf0SIkL3ZJ8mpHffQ,Carnivore Peri Peri Grill,AZ,"N 98th Ave, Peoria, AZ 85345",7,1,1.0
764,KgbCo7ZDFc5bY7w09PReGQ,Cafe At Desert Ridge,AZ,"20910 N Tatum Blvd, Ste 100, Phoenix, AZ 85050",32,10,3.9
765,1Zj3JOukVxyU2kq4Vhju9A,Rx Boiler Room,NV,"3930 Las Vegas Blvd, The Strip, Las Vegas, NV 89119",139,41,3.83
766,6R64RobXc6wzbKHmZtGo_A,Coach's Corner Grill,AZ,"333 E Jefferson, Phoenix, AZ 85004",38,8,4.5
767,JVvoR67gHw45G3hioQZp1g,Helen's Kitchen,AZ,"19171 N John Wayne Pkwy, Maricopa, AZ 85139",22,5,3.6
768,XiCnbGY6R92Ji7r38jceZA,Chick-Fil-A,AZ,"1601 E Camelback Rd, Phoenix, AZ 85016",35,17,3.53
769,YYm1mnmE36Ne7d5sT9huZQ,Short Leash Hot Dogs,AZ,"110 E Roosevelt St, Phoenix, AZ 85004",150,8,4.12
770,IOwuFFUwRljuOxatDCGm6w,The House of Brews,AZ,"825 S Cooper Rd, Gilbert, AZ 85233",45,3,3.67
771,vbIgxwyyTq03158xRvnfuQ,American TapHouse,AZ,"1026 S Gilbert Rd, Gilbert, AZ 85296",45,4,3.75
772,eqbpaxfx2DHhG-cj9L8tVg,Perfect Pear Bistro,AZ,"1241 E Chandler Blvd, Phoenix, AZ 85048",58,6,3.67
773,bn2HqLj_XpPG9UE3mAo5cg,Divine Eatery,NV,"7181 N Hualapai Way, Ste 115, Centennial, Las Vegas, NV 89166",60,2,4.0
774,M1RU0hAip_mmgNr_o4R5Lw,Whiskey Rose,AZ,"9375 W Westgate Blvd, Glendale, AZ 85305",17,2,5.0
775,4SEaQmnUIpqZXPyCmHZc1A,Nook,AZ,"3623 E Indian School Rd, Phoenix, AZ 85018",125,24,4.17
776,TSg3URWOZ_I8vZGajxQ_6g,The Gladly,AZ,"2201 E Camelback Rd, Phoenix, AZ 85016",142,24,4.33
777,M80LgyAZ-yXYDkCB74hyUw,Ihop,AZ,"917 N Dobson Rd, Mesa, AZ 85201",7,1,3.0
778,RsHTIOVFfmrnnhp-Z9YP8Q,Heritage Tavern,WI,"131 E Mifflin St, Capitol, Madison, WI 53703",76,4,4.75
779,MkQz_wPoaELPVy6Hwwf7Ug,Cafe Zupas,AZ,"2510 W Happy Valley Rd, Phoenix, AZ 85085",36,9,2.11
780,umm-6FnNkuO3BbVk3hmPBg,Millside,NV,"5710 Losee Rd, North Las Vegas, NV 89081",18,3,2.0
781,yC6OzkWd3bzHfcMZm7WpWQ,The Vig Fillmore,AZ,"606 N 4th Ave, Phoenix, AZ 85003",113,3,4.33
782,vyuwiNGXzXA3dmZFEy_4tw,Filiberto's Sports Grill,AZ,"4370 S Miller Rd, Buckeye, AZ 85326",7,1,4.0
783,FN8DhpdO4UBnynOzswVCCA,Public House On Sixth,AZ,"640 S Mill Ave, Ste 140, Tempe, AZ 85282",25,3,5.0
784,kOYt_t9nmcAcXP4k9U0efQ,Rock & Vine Bar and Grill,AZ,"8900 E Pinnacle Peak Rd, Ste B1, Scottsdale, AZ 85255",17,3,5.0
785,zbjPg_vvxCWkFjeEvVpmnA,ZiKiZ,NV,"1500 N Green Valley Pkwy, Ste 230, Henderson, NV 89074",48,13,4.15
786,ED5oeL6iFodGNcfHtobQGA,Tempo Urban Bistro and Coffee Bar,AZ,"21067 W Main St, Buckeye, AZ 85396",31,3,4.33
787,tbt8TduAgw21YAr8uw_AYQ,Twenty Highland Tavern,AZ,"4701 N 20th St, Phoenix, AZ 85016",33,5,3.8
788,PY1Wd9Vj7caMGt4u-t1t2w,Karla's Sports Lounge & Restaurant,AZ,"2448 Grand Ave, Phoenix, AZ 85009",3,1,4.0
789,VapdXuC8X-Q3T_wgA6yCAg,Pizza People Pub,AZ,"1326 N Central Ave, Phoenix, AZ 85004",113,6,3.5
790,_BrLcaVzE6GqBilwmdQOfg,Elixir,NV,"2920 Green Valley Pkwy, Henderson, NV 89014",52,8,3.88
791,AYF-t7Yge-3mn2StQiEXvg,WILD,NV,"150 N Las Vegas Blvd, Ste 120, Downtown, Las Vegas, NV 89101",81,12,3.92
792,pJYBHoAJyE_nXhYDqaP8RQ,The Haymaker Restaurant Co,AZ,"24762 N Lake Pleasant Pkwy, Ste 101, Peoria, AZ 85383",72,12,3.92
793,FQdQqgLGIvXb14HHKhureA,Meatball Spot,NV,"Planet Hollywood - Miracle Mile Shops, 3663 Las Vegas Blvd S, The Strip, Las Vegas, NV 89109",14,2,3.0
794,uS8SPE2PTZSZdy13QFrpCg,Derby Public House,AZ,"4420 N Saddlebag Trl, Scottsdale, AZ 85251",46,2,4.5
795,IUnRnZHmA56Tgr2acpHRow,Four Peaks Brewing Company,AZ,"Sky Harbor International Airport, Terminal 4 3400 E Sky Harbor Blvd, Phoenix, AZ 85034",59,8,4.12
796,EQgMEDJ3Tkln-8UBlOuKwg,Moga Crepes,AZ,"4550 E Cactus Rd, Phoenix, AZ 85032",6,1,5.0
797,24sfMJfk7VawkvYONirHaA,Slate Bistro & Bar,AZ,"4415 E Village Pkwy, Gilbert, AZ 85298",8,2,4.5
798,dmXfK7G0h8zknsR2dfr1bw,Raising Cane's,AZ,"1945 S Stapley Dr, Mesa, AZ 85204",47,34,3.35
799,X7Z4IfguKLoBGHtfsCT59w,Austin's Restaurant & Bar,AZ,"530 N Estrella Pkwy, Goodyear, AZ 85338",31,3,4.33
800,AKQvTmpNDluGzt9pLYmxAw,Champion Field,AZ,"8763 E Bell Rd, Scottsdale, AZ 85260",17,1,5.0
801,6OJV--BjqPpJjnTueniqVw,Rock'N'oodles,NV,"1108 S 3rd St, Downtown, Las Vegas, NV 89104",52,18,4.17
802,z7wUzllCnzHVuNzMQw43Hw,Pita Jungle,AZ,"14858 N Frank Lloyd Wright Blvd, Scottsdale, AZ 85260",56,8,4.0
803,e2oXHln1dux2ACR0QQGoeQ,Ingo's Tasty Food,AZ,"4502 N 40th St, Phoenix, AZ 85018",103,12,4.75
804,4MB98W98rKBU0X26pTbw0w,Bootleggers,AZ,"7217 E 1st St, Scottsdale, AZ 85251",87,5,3.8
805,3Aj7Lv5kKfFWVvfmtDbuhA,Scottsdale Station,AZ,"8220 N Hayden Rd, Scottsdale, AZ 85258",48,5,3.4
806,guLkdetJ603Bw_A6tuecIg,The Henry,AZ,"4455 E Camelback Rd, Phoenix, AZ 85018",189,29,3.93
807,NqA43LG4PCPEDQT672zMNA,Pita Jungle,AZ,"1652 S. Val Vista Dr., Suite 128, Mesa, AZ 85204",49,7,4.0
808,RoNqL3P67m2XnrObqilZgQ,Second Story Liquor Bar,AZ,"4166 N Scottsdale Rd, Scottsdale, AZ 85251",58,6,4.83
809,vxSgQVoU3jJ4jVf-U1n0pw,Stadium Sports Grill,AZ,"Tempe Marketplace, 2000 E Rio Salado Pkwy, Tempe, AZ 85281",19,5,3.0
810,cJ9UUuMoDCjJpWWpDi64hQ,Bink's Scottsdale,AZ,"6107 N Scottsdale Rd, Scottsdale, AZ 85250",40,5,3.8
811,FCnN5HnV63OPnxl9ga-YKg,TapHouse Kitchen,AZ,"6137 N Scottsdale Rd, Ste 108, Scottsdale, AZ 85250",52,8,3.25
812,p9rysWzbd9eMDmxRH9y0fA,Chestnut Fine Foods & Provisions,AZ,"4350 E Camelback Rd, Phoenix, AZ 85018",82,9,3.11
813,lfmvmL6iHq9-IDABLeNsuw,Rose. Rabbit. Lie.,NV,"3708 Las Vegas Blvd S, The Strip, Las Vegas, NV 89109",253,7,4.57
814,wNGb_2d7xNME1gEvzluCnA,West End Bar & Grill,AZ,"14051 W Grand Ave, Surprise, AZ 85374",16,3,2.67
815,prL6S0P__VGn3iXc-TSlpA,Fleming's Prime Steakhouse & Wine Bar,NV,"6515 South Las Vegas Blvd., Southeast, Las Vegas, NV 89119",78,1,2.0
816,0QUjIl8sGZsA0L1JCqVAgA,Pink Pony,AZ,"3831 N Scottsdale Rd, Scottsdale, AZ 85251",58,4,3.5
817,gpdBiTU4FWxBz4sAb9UW3g,Grassroots Kitchen & Tap,AZ,"2119 E Camelback Rd, Ste A21, Phoenix, AZ 85016",68,7,4.0
818,aTqFeIRwtjCBSMJ8uzAoIA,Bluelemon,AZ,"4341 E Baseline Rd, Gilbert, AZ 85234",64,9,4.0
819,C70R_7VBmd4WHCZp1B9i1A,OSS Madison,WI,"910 Regent St, South Campus, Madison, WI 53715",23,1,4.0
820,3W3e6nbSxePT4ctJGkljZQ,Twin Peaks,NV,"9510 S. Eastern Ave., Ste. 100, Southeast, Henderson, NV 89123",89,16,3.12
821,PbfrZVqGWDVWklKKxmVkzw,Yard House,NV,"3545 Las Vegas Blvd., South L-17, The Strip, Las Vegas, NV 89109",124,22,4.27
822,ONHAq_VRqJrzLSjnmYeDUg,E & N Family Table Restaurant,NV,"4460 S Durango Dr, Ste H, Spring Valley, Las Vegas, NV 89147",16,4,4.75
823,4ntvolhaYeSCbHY1dhA53A,Brooklyn Bowl,NV,"3545 Las Vegas Blvd S, Ste 22, The Strip, Las Vegas, NV 89109",151,50,4.12
824,oly8HWl0MtuioFWKPINIFg,Cheddar's,AZ,"2530 W Chandler Blvd, Chandler, AZ 85224",80,36,3.72
825,jgkT9RA3OCBqgniWCkwLrA,Krayvings,NV,"11770 W Charleston Blvd, Ste 150, Summerlin, Las Vegas, NV 89135",62,16,4.25
826,VbyyRLpKpdo3uerbqRT5XA,Tarbell's The Tavern,AZ,"3209 E Camelback Rd, Phoenix, AZ 85018",13,1,5.0
827,kT_7_6nj39hV7o98c8WLbA,Modern Grove,AZ,"15530 N Tatum Blvd, Phoenix, AZ 85032",107,18,2.11
828,z49aOi7flFdXBXbC58QJvg,The Local,AZ,"1011 N 3rd St, Phoenix, AZ 85004",47,2,3.0
829,WZNU4bQJJHr3p4SjnjVrkg,Topgolf,AZ,"9500 E Indian Bend Rd, Scottsdale, AZ 85256",46,2,3.0
830,huSYFgKj79uaZSerXcltZQ,Cheddar's,AZ,"2530 W Chandler Blvd, Chandler, AZ 85224",8,5,4.0
831,fwYujhi514Ie5GsdIZsa2g,Flower Child,AZ,"5013 N 44th St, Suite B2025B, Phoenix, AZ 85018",70,14,4.36
832,EK0Jlhk11QsDDK5od4_lLQ,Sunny World,AZ,"4906 E Main St, Mesa, AZ 85205",4,2,2.0
833,uQni9zWYFcz7LUn2_hIdDQ,Original ChopShop Co.,AZ,"35 W Boston St, Chandler, AZ 85225",36,6,3.67
834,YW3fl_QVnF6kJ5HkH0k0BQ,Chickenow,NV,"3700-3734 Koval Ln, Eastside, Las Vegas, NV 89169",3,2,4.5
835,tv3qQk43GgNRxhu5LK2HXw,The Cracked Egg,NV,"9921 W Charleston Blvd, Westside, Las Vegas, NV 89117",26,2,3.5
836,lsEhz6Lz1-UBGbwHACDJtw,OHSO Eatery + Distillery,AZ,"15681 N Hayden Rd, Ste 112, Scottsdale, AZ 85260",49,1,5.0
837,Kkx7XMwkd8GdhWln1vEYkQ,Urban Vine,AZ,"2201 N 7th St, Phoenix, AZ 85006",18,5,4.2
838,AcLAMiHakgu-DR3YTL0kcQ,17 South Booze & Bites,NV,"7200 S Las Vegas Blvd, Southeast, Las Vegas, NV 89119",6,2,3.5
839,e0HQNVQcfsTavbOsIlCd6w,The Wiener's Circle Las Vegas,NV,"11011 W Charleston Blvd, South Summerlin, Las Vegas, NV 89135",11,3,5.0
840,sih8j621A66QoiUFues5qQ,Carson Kitchen,NV,"124 S 6th St, Ste 100, Downtown, Las Vegas, NV 89101",75,14,4.5
841,q1QRFM3Rh8K9jPMWNus6hA,The Revival,AZ,"603 W University Dr, Tempe, AZ 85281",15,2,4.5
842,HzQ2B6p8OuHOtYnXPqvd8w,The Vig McCormick Ranch,AZ,"7345 N Via Paseo Del Sur, Scottsdale, AZ 85258",26,1,5.0
843,LsKF7GFQ0j5U1jLMwq0_hQ,Oven and Vine,AZ,"14 W Vernon Ave, Phoenix, AZ 85003",11,1,5.0
844,fmfiSDAJtjxbnRBBtYhnNw,MACS,WI,"2804 Prairie Lakes Dr, Ste 106, Sun Prairie, WI 53590",7,3,4.33
845,ZpB2O-WAbbRHdP0V8GrwXA,LYFE Kitchen,NV,"140 S Green Valley Pkwy, Ste 142, Henderson, NV 89012",34,8,2.88
846,OEUIE8VBa1BbBfr5EPcTOA,Presto Cafe,NV,"19 S Stephanie, Ste140, Henderson, NV 89012",27,1,4.0
